spot,flat_65_vol_bermudan.csv,BS_vol_surface_expire_bermudan.csv,BS_vol_surface_expire_contin.csv,local_vol_expiry_bermudan.csv,local_vol_expiry_contin.csv,local_vol_t_bermudan.csv,local_vol_t_contin.csv
1.0,15000.0,15000.0,15000.0,15000.0,15000.0,15000.0,15000.0
59.61046,14940.824,14939.917,14940.005,14940.254,14940.213,14940.265,14940.271
118.22092,14882.118,14881.613,14881.566,14881.618,14881.619,14881.567,14881.616
176.83138,14823.708,14823.072,14823.072,14822.848,14822.914,14823.014,14823.066
235.44183,14765.604,14764.407,14764.441,14764.411,14764.407,14764.406,14764.469
294.0523,14707.839,14705.857,14705.811,14705.866,14705.981,14705.829,14705.856
352.66275,14650.431,14647.315,14647.216,14647.209,14647.336,14647.247,14647.236
411.2732,14593.398,14588.643,14588.577,14588.683,14588.661,14588.577,14588.609
469.88367,14536.753,14530.011,14529.953,14530.054,14530.055,14529.942,14529.967
528.49414,14480.505,14471.311,14471.261,14471.37,14471.378,14471.321,14471.333
587.1046,14424.649,14412.636,14412.593,14412.734,14412.697,14412.682,14412.695
645.715,14369.194,14353.968,14353.92,14354.072,14354.051,14354.021,14354.05
704.3255,14314.141,14295.309,14295.246,14295.427,14295.37,14295.392,14295.422
762.936,14259.4795,14236.665,14236.614,14236.75,14236.743,14236.788,14236.782
821.5464,14205.21,14178.016,14178.004,14178.042,14178.063,14178.168,14178.17
880.15686,14151.321,14119.416,14119.382,14119.399,14119.402,14119.534,14119.554
938.76733,14097.817,14060.804,14060.807,14060.727,14060.734,14060.924,14060.934
997.3778,14044.687,14002.261,14002.252,14002.096,14002.087,14002.3,14002.313
1055.9883,13991.93,13943.746,13943.745,13943.487,13943.464,13943.6875,13943.707
1114.5988,13939.528,13885.225,13885.213,13884.867,13884.865,13885.089,13885.096
1173.2092,13887.484,13826.723,13826.706,13826.308,13826.287,13826.481,13826.488
1231.8196,13835.795,13768.205,13768.189,13767.723,13767.711,13767.878,13767.887
1290.43,13784.444,13709.683,13709.687,13709.161,13709.161,13709.27,13709.267
1349.0405,13733.439,13651.201,13651.198,13650.595,13650.614,13650.67,13650.676
1407.651,13682.748,13592.739,13592.743,13592.039,13592.084,13592.084,13592.099
1466.2615,13632.391,13534.292,13534.299,13533.494,13533.512,13533.506,13533.515
1524.872,13582.34,13475.864,13475.858,13474.952,13474.938,13474.933,13474.941
1583.4824,13532.612,13417.462,13417.475,13416.384,13416.375,13416.365,13416.375
1642.0928,13483.174,13359.098,13359.116,13357.818,13357.833,13357.802,13357.814
1700.7032,13434.038,13300.772,13300.809,13299.279,13299.309,13299.255,13299.27
1759.3137,13385.197,13242.491,13242.518,13240.738,13240.79,13240.71,13240.73
1817.9242,13336.632,13184.269,13184.262,13182.22,13182.278,13182.18,13182.202
1876.5347,13288.352,13126.089,13126.054,13123.711,13123.75,13123.662,13123.671
1935.1451,13240.34,13067.943,13067.9,13065.204,13065.237,13065.147,13065.172
1993.7556,13192.598,13009.842,13009.812,13006.723,13006.753,13006.665,13006.689
2052.366,13145.122,12951.808,12951.778,12948.25,12948.275,12948.202,12948.227
2110.9766,13097.8955,12893.83,12893.806,12889.793,12889.814,12889.761,12889.79
2169.587,13050.926,12835.918,12835.906,12831.3545,12831.375,12831.345,12831.374
2228.1975,13004.209,12778.07,12778.058,12772.942,12772.956,12772.953,12772.974
2286.8079,12957.727,12720.295,12720.286,12714.556,12714.559,12714.589,12714.606
2345.4185,12911.48,12662.592,12662.585,12656.202,12656.204,12656.252,12656.2705
2404.0288,12865.475,12604.971,12604.964,12597.869,12597.867,12597.954,12597.973
2462.6392,12819.696,12547.434,12547.42,12539.565,12539.567,12539.685,12539.705
2521.2498,12774.132,12489.9795,12489.957,12481.295,12481.304,12481.454,12481.476
2579.86,12728.796,12432.623,12432.592,12423.068,12423.086,12423.264,12423.292
2638.4707,12683.672,12375.354,12375.336,12364.881,12364.8955,12365.117,12365.143
2697.081,12638.761,12318.188,12318.179,12306.732,12306.745,12307.014,12307.042
2755.6917,12594.056,12261.128,12261.114,12248.637,12248.639,12248.962,12248.989
2814.302,12549.548,12204.171,12204.157,12190.589,12190.585,12190.965,12190.987
2872.9124,12505.247,12147.323,12147.304,12132.598,12132.585,12133.0205,12133.042
2931.523,12461.137,12090.578,12090.5625,12074.651,12074.646,12075.133,12075.154
2990.1333,12417.231,12033.957,12033.9375,12016.771,12016.758,12017.307,12017.324
3048.744,12373.501,11977.455,11977.428,11958.94,11958.943,11959.548,11959.564
3107.3542,12329.967,11921.069,11921.034,11901.177,11901.1875,11901.852,11901.871
3165.9648,12286.61,11864.812,11864.776,11843.481,11843.499,11844.227,11844.245
3224.5752,12243.433,11808.68,11808.64,11785.8545,11785.881,11786.678,11786.693
3283.1855,12200.441,11752.676,11752.634,11728.299,11728.335,11729.201,11729.221
3341.7961,12157.619,11696.811,11696.764,11670.825,11670.864,11671.81,11671.829
3400.4065,12114.966,11641.075,11641.025,11613.429,11613.477,11614.5,11614.517
3459.017,12072.473,11585.484,11585.431,11556.123,11556.176,11557.275,11557.292
3517.6274,12030.148,11530.036,11529.979,11498.899,11498.95,11500.142,11500.16
3576.238,11987.985,11474.723,11474.666,11441.753,11441.81,11443.1045,11443.122
3634.8484,11945.991,11419.553,11419.502,11384.697,11384.762,11386.159,11386.178
3693.459,11904.143,11364.54,11364.484,11327.753,11327.8125,11329.318,11329.335
3752.0693,11862.451,11309.677,11309.617,11270.9,11270.962,11272.587,11272.595
3810.6797,11820.901,11254.964,11254.906,11214.152,11214.206,11215.956,11215.967
3869.2903,11779.516,11200.41,11200.351,11157.508,11157.56,11159.432,11159.442
3927.9006,11738.271,11146.011,11145.948,11100.968,11101.018,11103.02,11103.026
3986.5112,11697.168,11091.767,11091.706,11044.54,11044.589,11046.723,11046.729
4045.1216,11656.216,11037.687,11037.626,10988.219,10988.27,10990.542,10990.554
4103.732,11615.397,10983.777,10983.709,10932.0205,10932.071,10934.485,10934.497
4162.343,11574.711,10930.021,10929.953,10875.9375,10875.988,10878.555,10878.565
4220.953,11534.16,10876.447,10876.367,10819.97,10820.029,10822.752,10822.76
4279.5635,11493.748,10823.04,10822.955,10764.134,10764.195,10767.078,10767.089
4338.174,11453.475,10769.804,10769.711,10708.42,10708.485,10711.538,10711.55
4396.784,11413.324,10716.743,10716.64,10652.837,10652.905,10656.14,10656.149
4455.395,11373.292,10663.85,10663.744,10597.39,10597.455,10600.874,10600.88
4514.0054,11333.396,10611.137,10611.022,10542.075,10542.143,10545.753,10545.754
4572.6157,11293.619,10558.607,10558.483,10486.898,10486.967,10490.776,10490.773
4631.226,11253.97,10506.254,10506.121,10431.859,10431.928,10435.952,10435.939
4689.837,11214.431,10454.076,10453.944,10376.964,10377.03,10381.2705,10381.254
4748.4473,11175.021,10402.083,10401.946,10322.213,10322.28,10326.746,10326.725
4807.0576,11135.728,10350.274,10350.13,10267.609,10267.682,10272.373,10272.353
4865.668,11096.564,10298.651,10298.501,10213.158,10213.228,10218.159,10218.135
4924.2783,11057.488,10247.215,10247.059,10158.86,10158.93,10164.104,10164.077
4982.889,11018.546,10195.964,10195.798,10104.712,10104.783,10110.211,10110.182
5041.4995,10979.703,10144.904,10144.732,10050.724,10050.797,10056.484,10056.452
5100.11,10940.984,10094.032,10093.852,9996.897,9996.972,10002.926,10002.889
5158.72,10902.366,10043.351,10043.161,9943.233,9943.311,9949.536,9949.495
5217.3306,10863.857,9992.86,9992.663,9889.7295,9889.813,9896.316,9896.272
5275.9414,10825.453,9942.558,9942.353,9836.395,9836.4795,9843.272,9843.223
5334.552,10787.147,9892.455,9892.236,9783.228,9783.318,9790.402,9790.349
5393.162,10748.952,9842.54,9842.312,9730.2295,9730.323,9737.711,9737.649
5451.7725,10710.845,9792.822,9792.583,9677.404,9677.504,9685.196,9685.131
5510.3833,10672.84,9743.297,9743.047,9624.753,9624.853,9632.863,9632.798
5568.9937,10634.934,9693.971,9693.706,9572.279,9572.38,9580.714,9580.642
5627.604,10597.133,9644.838,9644.563,9519.985,9520.088,9528.754,9528.677
5686.2144,10559.428,9595.898,9595.614,9467.869,9467.978,9476.977,9476.892
5744.8247,10521.811,9547.156,9546.864,9415.935,9416.041,9425.387,9425.296
5803.4355,10484.294,9498.612,9498.304,9364.182,9364.29,9373.989,9373.893
5862.046,10446.863,9450.267,9449.947,9312.617,9312.725,9322.781,9322.678
5920.6562,10409.533,9402.117,9401.787,9261.239,9261.345,9271.769,9271.658
5979.2666,10372.289,9354.167,9353.824,9210.05,9210.154,9220.945,9220.832
6037.8774,10335.14,9306.416,9306.059,9159.049,9159.155,9170.319,9170.2
6096.488,10298.073,9258.86,9258.491,9108.24,9108.343,9119.895,9119.769
6155.098,10261.095,9211.504,9211.121,9057.626,9057.726,9069.667,9069.532
6213.7085,10224.198,9164.349,9163.954,9007.202,9007.304,9019.638,9019.499
6272.319,10187.39,9117.394,9116.983,8956.9795,8957.074,8969.812,8969.663
6330.9297,10150.673,9070.634,9070.208,8906.948,8907.044,8920.185,8920.028
6389.54,10114.034,9024.078,9023.634,8857.114,8857.211,8870.765,8870.597
6448.1504,10077.468,8977.722,8977.256,8807.476,8807.58,8821.546,8821.368
6506.7607,10040.987,8931.5625,8931.078,8758.041,8758.145,8772.535,8772.347
6565.371,10004.585,8885.605,8885.104,8708.807,8708.913,8723.73,8723.53
6623.982,9968.255,8839.846,8839.322,8659.778,8659.887,8675.134,8674.919
6682.5923,9932.024,8794.289,8793.741,8610.949,8611.06,8626.743,8626.516
6741.2026,9895.859,8748.93,8748.36,8562.326,8562.436,8578.5625,8578.317
6799.813,9859.754,8703.7705,8703.178,8513.911,8514.017,8530.59,8530.333
6858.424,9823.731,8658.809,8658.193,8465.699,8465.805,8482.826,8482.556
6917.034,9787.802,8614.048,8613.405,8417.698,8417.798,8435.274,8434.987
6975.6445,9751.933,8569.485,8568.818,8369.901,8370.004,8387.932,8387.63
7034.255,9716.144,8525.122,8524.429,8322.312,8322.414,8340.801,8340.482
7092.865,9680.424,8480.958,8480.238,8274.935,8275.035,8293.884,8293.551
7151.476,9644.785,8436.995,8436.243,8227.764,8227.862,8247.179,8246.831
7210.0864,9609.202,8393.225,8392.444,8180.8057,8180.9033,8200.6875,8200.321
7268.697,9573.709,8349.653,8348.845,8134.0527,8134.1514,8154.4087,8154.026
7327.307,9538.258,8306.277,8305.439,8087.5166,8087.613,8108.343,8107.943
7385.918,9502.909,8263.098,8262.229,8041.1924,8041.2847,8062.492,8062.075
7444.5283,9467.602,8220.113,8219.216,7995.081,7995.1694,8016.8594,8016.4194
7503.1387,9432.383,8177.3257,8176.399,7949.185,7949.2666,7971.436,7970.9795
7561.749,9397.198,8134.7363,8133.772,7903.5034,7903.579,7926.2305,7925.7534
7620.3594,9362.106,8092.337,8091.3433,7858.03,7858.101,7881.242,7880.742
7678.97,9327.054,8050.134,8049.104,7812.7754,7812.8384,7836.466,7835.9434
7737.5806,9292.086,8008.124,8007.0586,7767.7324,7767.793,7791.9053,7791.361
7796.191,9257.166,7966.3076,7965.207,7722.905,7722.958,7747.5576,7746.991
7854.8013,9222.333,7924.686,7923.5483,7678.292,7678.339,7703.4287,7702.838
7913.412,9187.531,7883.2563,7882.08,7633.8945,7633.9326,7659.5117,7658.899
7972.0225,9152.832,7842.017,7840.8013,7589.7124,7589.7427,7615.812,7615.1753
8030.633,9118.155,7800.971,7799.7124,7545.747,7545.7666,7572.3267,7571.665
8089.243,9083.574,7760.115,7758.8125,7501.998,7502.0034,7529.0557,7528.368
8147.8535,9049.0205,7719.4507,7718.1035,7458.4604,7458.4556,7486.001,7485.284
8206.464,9014.545,7678.9727,7677.5815,7415.1377,7415.121,7443.1597,7442.414
8265.074,8980.113,7638.6816,7637.2476,7372.0337,7372.005,7400.534,7399.7583
8323.686,8945.754,7598.581,7597.099,7329.1445,7329.103,7358.1235,7357.3184
8382.296,8911.438,7558.6704,7557.139,7286.472,7286.416,7315.9263,7315.0913
8440.906,8877.196,7518.945,7517.363,7244.0166,7243.944,7273.942,7273.076
8499.517,8843.006,7479.409,7477.775,7201.7764,7201.6885,7232.172,7231.2715
8558.127,8808.876,7440.056,7438.3687,7159.751,7159.6484,7190.6133,7189.6807
8616.737,8774.789,7400.889,7399.1484,7117.942,7117.821,7149.2686,7148.3
8675.348,8740.757,7361.9062,7360.109,7076.3467,7076.2085,7108.136,7107.131
8733.958,8706.791,7323.11,7321.2544,7034.9673,7034.8105,7067.2144,7066.1714
8792.568,8672.88,7284.493,7282.5806,6993.802,6993.626,7026.5034,7025.419
8851.18,8639.027,7246.061,7244.083,6952.8486,6952.6562,6986.0024,6984.88
8909.79,8605.215,7207.811,7205.77,6912.1143,6911.897,6945.714,6944.55
8968.4,8571.485,7169.744,7167.638,6871.592,6871.356,6905.6343,6904.4272
9027.011,8537.781,7131.855,7129.685,6831.281,6831.025,6865.7617,6864.513
9085.621,8504.131,7094.1465,7091.9087,6791.187,6790.9062,6826.099,6824.8057
9144.231,8470.528,7056.6157,7054.3086,6751.304,6751.0024,6786.6426,6785.3047
9202.842,8436.994,7019.2646,7016.8857,6711.6333,6711.305,6747.3936,6746.0103
9261.452,8403.49,6982.09,6979.6387,6672.1777,6671.8228,6708.35,6706.92
9320.0625,8370.062,6945.093,6942.566,6632.931,6632.55,6669.514,6668.0337
9378.674,8336.646,6908.2725,6905.6655,6593.901,6593.488,6630.883,6629.3506
9437.284,8303.31,6871.6245,6868.9395,6555.08,6554.6367,6592.4546,6590.869
9495.895,8270.008,6835.155,6832.384,6516.4707,6515.995,6554.232,6552.5947
9554.505,8236.764,6798.8555,6796.0015,6478.071,6477.5615,6516.21,6514.517
9613.115,8203.556,6762.7314,6759.7905,6439.8804,6439.339,6478.391,6476.642
9671.726,8170.4155,6726.7793,6723.751,6401.9,6401.322,6440.772,6438.964
9730.336,8137.3037,6690.9956,6687.8784,6364.1284,6363.5146,6403.3545,6401.4873
9788.946,8104.262,6655.3867,6652.175,6326.5654,6325.9126,6366.1353,6364.206
9847.557,8071.2324,6619.945,6616.639,6289.2075,6288.517,6329.1143,6327.1255
9906.167,8038.281,6584.673,6581.2705,6252.0586,6251.326,6292.292,6290.24
9964.778,8005.3594,6549.572,6546.067,6215.116,6214.3433,6255.6675,6253.55
10023.389,7972.484,6514.638,6511.0317,6178.3794,6177.565,6219.239,6217.0557
10081.999,7939.6543,6479.8696,6476.16,6141.849,6140.99,6183.005,6180.7544
10140.609,7906.8774,6445.266,6441.4517,6105.525,6104.618,6146.9663,6144.647
10199.22,7874.1436,6410.8296,6406.9067,6069.404,6068.4478,6111.1216,6108.731
10257.83,7841.4546,6376.5566,6372.5225,6033.486,6032.48,6075.4688,6073.0044
10316.44,7808.798,6342.4473,6338.301,5997.7695,5996.7124,6040.006,6037.468
10375.051,7776.1865,6308.5005,6304.2397,5962.258,5961.1465,6004.734,6002.1226
10433.661,7743.6187,6274.716,6270.3394,5926.946,5925.7812,5969.651,5966.9624
10492.272,7711.0884,6241.0923,6236.5938,5891.838,5890.6157,5934.757,5931.9873
10550.883,7678.6006,6207.6294,6203.009,5856.929,5855.65,5900.0503,5897.202
10609.493,7646.166,6174.3267,6169.5815,5822.2197,5820.88,5865.5303,5862.599
10668.104,7613.762,6141.183,6136.3096,5787.709,5786.3076,5831.197,5828.182
10726.714,7581.4126,6108.1963,6103.1924,5753.397,5751.932,5797.0464,5793.9463
10785.324,7549.096,6075.367,6070.2305,5719.2827,5717.752,5763.079,5759.8936
10843.935,7516.8145,6042.693,6037.421,5685.3647,5683.7656,5729.295,5726.0195
10902.545,7484.5786,6010.175,6004.7646,5651.6436,5649.974,5695.691,5692.3247
10961.155,7452.379,5977.811,5972.26,5618.117,5616.375,5662.2676,5658.809
11019.767,7420.215,5945.601,5939.9053,5584.785,5582.9688,5629.0234,5625.47
11078.377,7388.0957,5913.545,5907.704,5551.648,5549.754,5595.957,5592.3096
11136.987,7356.0337,5881.642,5875.651,5518.7056,5516.731,5563.07,5559.323
11195.598,7323.9805,5849.891,5843.747,5485.9526,5483.8984,5530.3564,5526.5117
11254.208,7291.9893,5818.2905,5811.9907,5453.3926,5451.255,5497.8193,5493.872
11312.818,7259.999,5786.8394,5780.3804,5421.023,5418.8,5465.4556,5461.406
11371.429,7228.093,5755.5386,5748.918,5388.8438,5386.533,5433.265,5429.1084
11430.039,7196.1836,5724.386,5717.6,5356.8535,5354.454,5401.2456,5396.981
11488.649,7164.339,5693.38,5686.427,5325.05,5322.5586,5369.3975,5365.0215
11547.261,7132.496,5662.5205,5655.398,5293.434,5290.849,5337.717,5333.23
11605.871,7100.725,5631.8086,5624.5107,5262.0054,5259.3237,5306.206,5301.6074
11664.481,7068.9673,5601.2417,5593.7676,5230.764,5227.9834,5274.862,5270.1475
11723.092,7037.267,5570.82,5563.164,5199.709,5196.825,5243.685,5238.8535
11781.702,7005.566,5540.541,5532.7007,5168.8354,5165.8477,5212.673,5207.7217
11840.3125,6973.9453,5510.405,5502.377,5138.1465,5135.0522,5181.824,5176.752
11898.923,6942.3223,5480.412,5472.194,5107.641,5104.4365,5151.1396,5145.9424
11957.533,6910.7637,5450.56,5442.146,5077.317,5074.0024,5120.6157,5115.2935
12016.144,6879.2075,5420.847,5412.236,5047.1733,5043.744,5090.253,5084.8037
12074.755,6847.725,5391.2744,5382.4614,5017.2104,5013.6626,5060.0493,5054.4717
12133.365,6816.239,5361.8423,5352.8228,4987.4277,4983.7603,5030.005,5024.2954
12191.976,6784.825,5332.546,5323.321,4957.8237,4954.032,5000.118,4994.2764
12250.586,6753.403,5303.388,5293.9497,4928.396,4924.4805,4970.388,4964.4087
12309.196,6722.0635,5274.3667,5264.7134,4899.147,4895.1025,4940.8115,4934.6953
12367.807,6690.7095,5245.4805,5235.6084,4870.073,4865.8965,4911.3896,4905.1343
12426.417,6659.43,5216.7305,5206.6353,4841.174,4836.8623,4882.1187,4875.722
12485.027,6628.133,5188.1147,5177.7935,4812.4507,4807.999,4853.001,4846.461
12543.638,6596.9272,5159.6313,5149.0796,4783.9,4779.3057,4824.0337,4817.347
12602.249,6565.7104,5131.281,5120.496,4755.522,4750.782,4795.2153,4788.381
12660.859,6534.575,5103.063,5092.041,4727.3145,4722.4277,4766.5474,4759.5625
12719.47,6503.4053,5074.977,5063.713,4699.281,4694.241,4738.0254,4730.8887
12778.08,6472.353,5047.02,5035.511,4671.416,4666.221,4709.6514,4702.3594
12836.69,6441.2524,5019.193,5007.4355,4643.7197,4638.3667,4681.4224,4673.972
12895.301,6410.256,4991.496,4979.4854,4616.192,4610.677,4653.3384,4645.728
12953.911,6379.2173,4963.927,4951.6577,4588.8315,4583.1504,4625.396,4617.625
13012.521,6348.2954,4936.4844,4923.954,4561.637,4555.787,4597.5967,4589.661
13071.132,6317.326,4909.17,4896.373,4534.609,4528.587,4569.9385,4561.837
13129.742,6286.4683,4881.98,4868.914,4507.7446,4501.5464,4542.4204,4534.1484
13188.354,6255.5557,4854.9155,4841.576,4481.043,4474.667,4515.0396,4506.5977
13246.964,6224.777,4827.9766,4814.3604,4454.5063,4447.946,4487.8,4479.184
13305.574,6193.9365,4801.162,4787.265,4428.132,4421.385,4460.6953,4451.904
13364.185,6163.209,4774.4707,4760.287,4401.918,4394.978,4433.7285,4424.758
13422.795,6132.438,4747.9014,4733.428,4375.8657,4368.7295,4406.8955,4397.745
13481.405,6101.7905,4721.4536,4706.684,4349.9707,4342.6353,4380.198,4370.862
13540.016,6071.0796,4695.1265,4680.0586,4324.235,4316.6953,4353.6313,4344.11
13598.626,6040.4854,4668.92,4653.5474,4298.6553,4290.9097,4327.1987,4317.4873
13657.236,6009.847,4642.832,4627.153,4273.2334,4265.277,4300.895,4290.9927
13715.848,5979.328,4616.865,4600.871,4247.965,4239.7944,4274.7217,4264.6265
13774.458,5948.743,4591.0146,4574.704,4222.853,4214.464,4248.679,4238.387
13833.068,5918.276,4565.2827,4548.6484,4197.8955,4189.283,4222.7637,4212.2725
13891.679,5887.751,4539.668,4522.705,4173.0913,4164.2505,4196.976,4186.2837
13950.289,5857.355,4514.1675,4496.8745,4148.4395,4139.3667,4171.314,4160.417
14008.899,5826.891,4488.7837,4471.1543,4123.935,4114.6274,4145.7773,4134.675
14067.51,5796.539,4463.515,4445.5435,4099.5835,4090.0344,4120.3657,4109.0522
14126.12,5766.1235,4438.3584,4420.041,4075.3801,4065.5852,4095.0774,4083.551
14184.73,5735.8364,4413.317,4394.6475,4051.3245,4041.2795,4069.911,4058.1707
14243.342,5705.4688,4388.387,4369.362,4027.4167,4017.118,4044.867,4032.9082
14301.952,5675.205,4363.57,4344.1836,4003.6555,3993.098,4019.9434,4007.766
14360.5625,5644.881,4338.8643,4319.1113,3980.039,3969.2185,3995.14,3982.7405
14419.173,5614.6895,4314.2686,4294.145,3956.5667,3945.4778,3970.4558,3957.83
14477.783,5584.399,4289.7827,4269.284,3933.2388,3921.876,3945.8904,3933.0366
14536.394,5554.227,4265.4067,4244.527,3910.053,3898.412,3921.4417,3908.3567
14595.004,5523.98,4241.1387,4219.8726,3887.008,3875.0833,3897.1106,3883.791
14653.614,5493.8506,4216.9785,4195.3228,3864.1028,3851.8918,3872.895,3859.3384
14712.225,5463.647,4192.926,4170.8745,3841.3367,3828.834,3848.7947,3834.9963
14770.836,5433.525,4168.979,4146.528,3818.7097,3805.909,3824.807,3810.7664
14829.446,5403.3403,4145.14,4122.2812,3796.2212,3783.1167,3800.9348,3786.6482
14888.057,5373.286,4121.4062,4098.135,3773.8682,3760.4556,3777.175,3762.639
14946.667,5343.1406,4097.777,4074.088,3751.651,3737.9253,3753.527,3738.74
15005.277,5313.117,4074.2512,4050.1406,3729.568,3715.5237,3729.9905,3714.9475
15063.888,5282.841,4050.829,4026.2913,3707.5542,3693.1902,3706.5652,3691.2637
15122.498,5252.718,4027.5105,4002.5388,3685.6274,3670.9377,3683.2478,3667.6863
15181.108,5222.5913,4004.2952,3978.884,3663.7947,3648.7773,3660.0413,3644.2158
15239.719,5192.621,3981.182,3955.326,3642.0552,3626.7036,3636.9412,3620.8496
15298.33,5162.6343,3958.1692,3931.866,3620.4036,3604.715,3613.9502,3597.5894
15356.94,5132.824,3935.2603,3908.5012,3598.8447,3582.8162,3591.066,3574.431
15415.551,5102.9595,3912.4526,3885.2322,3577.3767,3561.0037,3568.287,3551.3762
15474.161,5073.2544,3889.7468,3862.0583,3556.0005,3539.2778,3545.6145,3528.4243
15532.771,5043.4707,3867.1414,3838.98,3534.7136,3517.637,3523.047,3505.5737
15591.382,5013.876,3844.637,3815.9968,3513.5178,3496.084,3500.5835,3482.8237
15649.992,4984.2007,3822.2322,3793.1082,3492.412,3474.6152,3478.2231,3460.1748
15708.603,4954.6543,3799.9277,3770.3125,3471.3967,3453.2334,3455.967,3437.6248
15767.213,4925.029,3777.7231,3747.6108,3450.4712,3431.9368,3433.8123,3415.1746
15825.824,4895.579,3755.6177,3725.003,3429.635,3410.7253,3411.7605,3392.8208
15884.435,4866.0205,3733.6128,3702.488,3408.892,3389.6016,3389.8103,3370.5674
15943.045,4836.612,3711.705,3680.066,3388.236,3368.5627,3367.9612,3348.409
16001.655,4807.0957,3689.8967,3657.7349,3367.6714,3347.6084,3346.2104,3326.3489
16060.266,4777.753,3668.1868,3635.4966,3347.1956,3326.74,3324.5608,3304.3838
16118.876,4748.304,3646.5745,3613.3484,3326.8103,3305.954,3303.009,3282.5144
16177.486,4718.978,3625.0596,3591.2927,3306.513,3285.2556,3281.5566,3260.7397
16236.097,4689.5835,3603.6414,3569.3271,3286.3047,3264.6384,3260.2004,3239.0598
16294.707,4660.331,3582.3208,3547.4517,3266.187,3244.1077,3238.9429,3217.4746
16353.318,4630.9814,3561.0962,3525.666,3246.1567,3223.659,3217.7822,3195.9807
16411.928,4601.7485,3539.9683,3503.9695,3226.2173,3203.296,3196.7173,3174.5808
16470.54,4572.4653,3518.935,3482.3608,3206.3645,3183.0127,3175.7476,3153.272
16529.148,4543.3086,3497.9976,3460.8413,3186.5999,3162.8145,3154.8748,3132.0547
16587.76,4514.0825,3477.1543,3439.4092,3166.9226,3142.6978,3134.093,3110.9265
16646.371,4484.9517,3456.4058,3418.065,3147.3325,3122.663,3113.408,3089.8909
16704.98,4455.801,3435.7524,3396.8083,3127.8323,3102.7114,3092.8152,3068.9429
16763.592,4426.762,3415.1926,3375.6394,3108.4177,3082.8416,3072.3167,3048.0862
16822.201,4397.673,3394.727,3354.557,3089.092,3063.0532,3051.91,3027.3184
16880.812,4368.66,3374.3547,3333.5596,3069.8499,3043.346,3031.5967,3006.6372
16939.422,4339.6567,3354.0762,3312.6494,3050.6975,3023.72,3011.373,2986.0466
16998.033,4310.7603,3333.8892,3291.8237,3031.6309,3004.1748,2991.2437,2965.5417
17056.643,4281.8228,3313.7947,3271.0825,3012.651,2984.7102,2971.2021,2945.1252
17115.254,4252.9517,3293.7917,3250.426,2993.7566,2965.326,2951.2537,2924.7937
17173.865,4224.1265,3273.8809,3229.8535,2974.9495,2946.0225,2931.394,2904.549
17232.475,4195.364,3254.063,3209.3643,2956.2278,2926.799,2911.6262,2884.391
17291.086,4166.609,3234.336,3188.9587,2937.5916,2907.6536,2891.9463,2864.3176
17349.695,4137.8975,3214.6992,3168.637,2919.041,2888.5889,2872.3586,2844.3306
17408.307,4109.2363,3195.1536,3148.3967,2900.576,2869.603,2852.8564,2824.4263
17466.916,4080.6333,3175.6973,3128.2393,2882.195,2850.6956,2833.4453,2804.6074
17525.527,4052.0552,3156.3306,3108.163,2863.8994,2831.8657,2814.1199,2784.872
17584.137,4023.4944,3137.0535,3088.1682,2845.6892,2813.1143,2794.8843,2765.2197
17642.748,3995.0261,3117.8662,3068.2542,2827.562,2794.4402,2775.7344,2745.6506
17701.36,3966.5815,3098.768,3048.4204,2809.5203,2775.8447,2756.6726,2726.1636
17759.969,3938.2068,3079.7578,3028.6675,2791.5618,2757.3264,2737.6973,2706.7598
17818.58,3909.8115,3060.8362,3008.9941,2773.6865,2738.884,2718.8074,2687.4368
17877.19,3881.5303,3042.0015,2989.4,2755.896,2720.5198,2700.0046,2668.196
17935.8,3853.2703,3023.2544,2969.8843,2738.1882,2702.2317,2681.2883,2649.0352
17994.41,3825.0784,3004.5967,2950.4473,2720.5647,2684.0193,2662.6567,2629.9563
18053.021,3796.8755,2986.0242,2931.0874,2703.0234,2665.8809,2644.1106,2610.9583
18111.63,3768.805,2967.5383,2911.8062,2685.5642,2647.819,2625.6514,2592.0408
18170.242,3740.7495,2949.1382,2892.602,2668.187,2629.8303,2607.275,2573.2014
18228.854,3712.7717,2930.8247,2873.475,2650.8933,2611.918,2588.984,2554.443
18287.463,3684.79,2912.5974,2854.4255,2633.6812,2594.0803,2570.779,2535.765
18346.074,3656.9153,2894.4548,2835.4507,2616.5498,2576.3167,2552.6567,2517.165
18404.684,3629.068,2876.3987,2816.5527,2599.5017,2558.6272,2534.6196,2498.6445
18463.295,3601.2852,2858.4265,2797.7292,2582.533,2541.0115,2516.6638,2480.201
18521.904,3573.5217,2840.5386,2778.9832,2565.6458,2523.4683,2498.794,2461.8376
18580.516,3545.869,2822.7349,2760.31,2548.8398,2505.998,2481.0056,2443.5503
18639.125,3518.2573,2805.0154,2741.7117,2532.1138,2488.5989,2463.3025,2425.3416
18697.736,3490.707,2787.3787,2723.1855,2515.468,2471.2734,2445.6794,2407.2087
18756.348,3463.1692,2769.8262,2704.7334,2498.9019,2454.0186,2428.1418,2389.154
18814.957,3435.7393,2752.3562,2686.3547,2482.4167,2436.8374,2410.6848,2371.1765
18873.568,3408.349,2734.9692,2668.0469,2466.0093,2419.7258,2393.3123,2353.277
18932.178,3381.011,2717.6646,2649.8118,2449.6826,2402.6858,2376.0188,2335.452
18990.79,3353.712,2700.442,2631.6484,2433.4333,2385.7153,2358.8093,2317.704
19049.398,3326.5234,2683.3018,2613.5554,2417.2646,2368.8154,2341.6797,2300.031
19108.01,3299.383,2666.2424,2595.533,2401.174,2351.9856,2324.6333,2282.4336
19166.62,3272.2964,2649.2642,2577.5813,2385.162,2335.2258,2307.6675,2264.9111
19225.23,3245.2598,2632.3667,2559.6987,2369.2278,2318.5344,2290.7825,2247.464
19283.84,3218.3167,2615.5503,2541.8862,2353.372,2301.9119,2273.9795,2230.0923
19342.451,3191.4355,2598.8125,2524.1428,2337.593,2285.3577,2257.2568,2212.7944
19401.062,3164.5903,2582.1555,2506.4675,2321.891,2268.8713,2240.6145,2195.5713
19459.672,3137.8328,2565.5784,2488.8616,2306.266,2252.4534,2224.055,2178.4236
19518.283,3111.1484,2549.08,2471.3232,2290.7185,2236.102,2207.573,2161.3481
19576.893,3084.5508,2532.6611,2453.8528,2275.2476,2219.8179,2191.1733,2144.3481
19635.504,3057.9844,2516.319,2436.449,2259.8528,2203.5999,2174.852,2127.421
19694.113,3031.4993,2500.057,2419.1113,2244.534,2187.4495,2158.613,2110.5679
19752.725,3005.1,2483.8728,2401.8396,2229.2913,2171.364,2142.451,2093.7854
19811.334,2978.7856,2467.7664,2384.6338,2214.1243,2155.3452,2126.3713,2077.0781
19869.945,2952.5012,2451.7368,2367.4927,2199.0325,2139.3909,2110.3687,2060.4426
19928.557,2926.319,2435.785,2350.4167,2184.016,2123.5017,2094.4485,2043.8801
19987.166,2900.2102,2419.9102,2333.4062,2169.076,2107.6775,2078.6064,2027.3903
20045.777,2874.2039,2404.1116,2316.4587,2154.2085,2091.9167,2062.8447,2010.9727
20104.387,2848.227,2388.389,2299.5754,2139.4165,2076.2205,2047.1613,1994.6274
20162.998,2822.36,2372.7427,2282.7554,2124.6985,2060.5867,2031.5583,1978.3517
20221.607,2796.5647,2357.1724,2265.998,2110.0544,2045.0172,2016.0327,1962.1493
20280.219,2770.875,2341.6772,2249.3035,2095.4836,2029.5094,2000.5873,1946.0165
20338.828,2745.222,2326.2578,2232.671,2080.9868,2014.0656,1985.2207,1929.9564
20397.44,2719.6929,2310.912,2216.0999,2066.5627,1998.6816,1969.933,1913.9661
20456.05,2694.2288,2295.642,2199.59,2052.2114,1983.3602,1954.7235,1898.0468
20514.66,2668.886,2280.4465,2183.1418,2037.934,1968.1,1939.5934,1882.1987
20573.271,2643.58,2265.3252,2166.7537,2023.7274,1952.9004,1924.5405,1866.4214
20631.88,2618.4004,2250.278,2150.4253,2009.5947,1937.7609,1909.5681,1850.7125
20690.492,2593.2864,2235.3037,2134.1555,1995.5326,1922.6815,1894.6722,1835.0748
20749.102,2568.2998,2220.4026,2117.9458,1981.5436,1907.6615,1879.8555,1819.506
20807.713,2543.3462,2205.5745,2101.794,1967.6251,1892.7015,1865.1172,1804.008
20866.322,2518.5442,2190.8193,2085.701,1953.7777,1877.8005,1850.4574,1788.5784
20924.934,2493.8013,2176.1362,2069.6655,1940.0012,1862.9578,1835.8752,1773.2179
20983.545,2469.1992,2161.5264,2053.6873,1926.2961,1848.1735,1821.3718,1757.9281
21042.154,2444.641,2146.9873,2037.767,1912.661,1833.4465,1806.9465,1742.7057
21100.766,2420.2258,2132.5198,2021.9023,1899.0963,1818.7777,1792.5985,1727.5541
21159.375,2395.8767,2118.1235,2006.0946,1885.6017,1804.1659,1778.3298,1712.4691
21217.986,2371.6626,2103.7974,1990.342,1872.176,1789.6106,1764.1367,1697.4534
21276.596,2347.5027,2089.5437,1974.6456,1858.8209,1775.1118,1750.0233,1682.5057
21335.207,2323.5002,2075.3594,1959.0035,1845.5343,1760.6697,1735.9874,1667.6265
21393.816,2299.567,2061.246,1943.416,1832.3174,1746.2828,1722.03,1652.8138
21452.428,2275.777,2047.2023,1927.8817,1819.1688,1731.9508,1708.1495,1638.0698
21511.04,2252.052,2033.2286,1912.4016,1806.0889,1717.6727,1694.347,1623.3917
21569.648,2228.4724,2019.3247,1896.9749,1793.0779,1703.4493,1680.622,1608.7826
21628.26,2204.982,2005.4907,1881.6,1780.1348,1689.2794,1666.9745,1594.24
21686.87,2181.6262,1991.7246,1866.2789,1767.2598,1675.1641,1653.405,1579.765
21745.48,2158.357,1978.0281,1851.0084,1754.4518,1661.101,1639.913,1565.355
21804.09,2135.227,1964.3993,1835.7905,1741.7112,1647.0913,1626.4978,1551.0132
21862.701,2112.2048,1950.8391,1820.6227,1729.0381,1633.134,1613.1616,1536.7367
21921.31,2089.3123,1937.3466,1805.5061,1716.4316,1619.228,1599.9015,1522.5267
21979.922,2066.5225,1923.9216,1790.4398,1703.8921,1605.3745,1586.7197,1508.3821
22038.533,2043.867,1910.5646,1775.423,1691.4185,1591.5713,1573.6139,1494.3044
22097.143,2021.3329,1897.2748,1760.4562,1679.0121,1577.8196,1560.5872,1480.2913
22155.754,1998.9193,1884.052,1745.538,1666.671,1564.1182,1547.6362,1466.3436
22214.363,1976.6302,1870.8964,1730.6687,1654.3964,1550.4668,1534.7632,1452.4618
22272.975,1954.476,1857.8066,1715.8468,1642.1866,1536.8649,1521.9668,1438.6443
22331.584,1932.4531,1844.7836,1701.073,1630.0426,1523.313,1509.2485,1424.8915
22390.195,1910.5627,1831.8264,1686.3462,1617.9634,1509.8091,1496.6056,1411.2029
22448.805,1888.7983,1818.9357,1671.6667,1605.9489,1496.3544,1484.0413,1397.5782
22507.416,1867.1704,1806.1094,1657.0333,1593.9989,1482.9467,1471.5519,1384.0176
22566.027,1845.6833,1793.3492,1642.446,1582.1133,1469.5869,1459.1404,1370.5208
22624.637,1824.3344,1780.6552,1627.9047,1570.2932,1456.2748,1446.8047,1357.0874
22683.248,1803.1139,1768.0253,1613.4086,1558.5353,1443.0094,1434.5465,1343.7156
22741.857,1782.0452,1755.4598,1598.9568,1546.8429,1429.7905,1422.3646,1330.4094
22800.469,1761.116,1742.9596,1584.5496,1535.2124,1416.6168,1410.2585,1317.1632
22859.078,1740.3306,1730.5232,1570.187,1523.6462,1403.4899,1398.229,1303.9813
22917.69,1719.6837,1718.1504,1555.8668,1512.1426,1390.4073,1386.2758,1290.8596
22976.299,1699.1929,1705.8422,1541.5907,1500.7026,1377.3706,1374.3981,1277.8016
23034.91,1678.8512,1693.597,1527.3567,1489.3243,1364.3773,1362.5963,1264.8033
23093.521,1658.6644,1681.4154,1513.1649,1478.0093,1351.4288,1350.8701,1251.8663
23152.13,1638.618,1669.2968,1499.0159,1466.7563,1338.5237,1339.2206,1238.9913
23210.742,1618.7389,1657.2415,1484.9082,1455.565,1325.6614,1327.6454,1226.1764
23269.352,1599.007,1645.2487,1470.8419,1444.4349,1312.8422,1316.147,1213.4216
23327.963,1579.4426,1633.3179,1456.8159,1433.3667,1300.0653,1304.7214,1200.7262
23386.572,1560.0227,1621.4493,1442.8306,1422.3605,1287.3312,1293.3734,1188.0912
23445.184,1540.7723,1609.6427,1428.8846,1411.4142,1274.6384,1282.0977,1175.5149
23503.793,1521.6814,1597.8988,1414.9788,1400.5297,1261.9874,1270.898,1162.9979
23562.404,1502.7593,1586.2158,1401.1113,1389.7054,1249.376,1259.7716,1150.5388
23621.016,1483.992,1574.5948,1387.2828,1378.9423,1236.8057,1248.7192,1138.1382
23679.625,1465.3998,1563.0348,1373.4929,1368.2394,1224.2755,1237.7408,1125.7959
23738.236,1446.977,1551.5359,1359.7404,1357.5964,1211.785,1226.8351,1113.5107
23796.846,1428.7255,1540.0981,1346.0258,1347.0133,1199.3336,1216.0035,1101.2805
23855.457,1410.641,1528.7201,1332.3479,1336.4896,1186.9213,1205.243,1089.1102
23914.066,1392.7294,1517.4037,1318.7068,1326.0264,1174.547,1194.5565,1076.9929
23972.678,1374.9958,1506.147,1305.1018,1315.6213,1162.2109,1183.9402,1064.9332
24031.287,1357.4353,1494.9507,1291.5332,1305.2761,1149.9124,1173.3987,1052.9268
24089.898,1340.055,1483.8142,1277.9999,1294.9894,1137.6512,1162.9249,1040.9764
24148.51,1322.8474,1472.7374,1264.5013,1284.7612,1125.4259,1152.5248,1029.0793
24207.12,1305.8286,1461.7202,1251.0382,1274.5922,1113.2384,1142.1943,1017.23694
24265.73,1288.9819,1450.7621,1237.6088,1264.481,1101.0857,1131.934,1005.4461
24324.34,1272.3286,1439.8632,1224.2133,1254.4279,1088.9696,1121.7439,993.71075
24382.951,1255.8462,1429.0227,1210.8507,1244.4326,1076.8883,1111.6227,982.02405
24441.56,1239.5602,1418.2416,1197.5221,1234.4951,1064.8428,1101.5714,970.3924
24500.172,1223.4467,1407.5181,1184.2253,1224.6155,1052.8309,1091.5864,958.80914
24558.781,1207.534,1396.8542,1170.9614,1214.7928,1040.8534,1081.6719,947.27905
24617.393,1191.7942,1386.2472,1157.7286,1205.0272,1028.9092,1071.8231,935.79626
24676.004,1176.2616,1375.6986,1144.528,1195.3182,1016.9979,1062.0416,924.3645
24734.613,1160.905,1365.2081,1131.3586,1185.6666,1005.12,1052.3268,912.98126
24793.225,1145.7493,1354.7753,1118.2192,1176.071,993.2741,1042.6769,901.6459
24851.834,1130.7687,1344.4003,1105.111,1166.5321,981.46075,1033.0935,890.3585
24910.445,1115.9952,1334.0814,1092.0322,1157.0487,969.67847,1023.57404,879.1183
24969.055,1101.4008,1323.8208,1078.983,1147.6217,957.92786,1014.1184,867.9237
25027.666,1087.0106,1313.6166,1065.9631,1138.2506,946.20715,1004.7271,856.7752
25086.275,1072.8054,1303.4691,1052.972,1128.935,934.51764,995.3981,845.6718
25144.887,1058.8016,1293.3774,1040.0087,1119.6747,922.8578,986.1313,834.6123
25203.498,1044.9841,1283.3428,1027.0741,1110.4696,911.22766,976.9257,823.59766
25262.107,1031.3672,1273.3644,1014.1672,1101.32,899.6273,967.78186,812.62463
25320.719,1017.9373,1263.442,1001.2871,1092.2245,888.05536,958.6979,801.69574
25379.328,1004.7069,1253.5753,988.43414,1083.1846,876.5124,949.67194,790.80695
25437.94,991.665,1243.7639,975.60736,1074.1984,864.99695,940.70715,779.9603
25496.549,978.8206,1234.0078,962.80725,1065.2668,853.5099,931.79816,769.1521
25555.16,966.16595,1224.3074,950.0323,1056.3893,842.0497,922.94824,758.38605
25613.77,953.70483,1214.6621,937.2831,1047.5659,830.6166,914.1524,747.65607
25672.38,941.43427,1205.0719,924.55865,1038.7958,819.2101,905.41595,736.96674
25730.992,929.35614,1195.5364,911.85846,1030.0792,807.8289,896.7314,726.3122
25789.602,917.4677,1186.0562,899.1832,1021.4169,796.4745,888.1049,715.6973
25848.213,905.7677,1176.6298,886.5313,1012.80695,785.14484,879.5292,705.117
25906.822,894.25494,1167.2579,873.90326,1004.25085,773.84015,871.011,694.5737
25965.434,882.9288,1157.9406,861.29785,995.7467,762.56,862.5418,684.06445
26024.043,871.7878,1148.6772,848.71564,987.2961,751.30414,854.1306,673.5922
26082.654,860.83057,1139.4674,836.1553,978.8977,740.0717,845.76746,663.1535
26141.264,850.05505,1130.3112,823.61774,970.55133,728.86273,837.4616,652.7496
26199.875,839.45966,1121.208,811.1013,962.2573,717.6767,829.2067,642.37976
26258.484,829.0419,1112.1589,798.6066,954.0152,706.5136,821.00684,632.04584
26317.096,818.8002,1103.1621,786.1325,945.8252,695.37244,812.8596,621.7445
26375.707,808.7319,1094.2188,773.6788,937.6863,684.2532,804.76697,611.4781
26434.316,798.8372,1085.3286,761.24585,929.59955,673.156,796.7282,601.2449
26492.928,789.1104,1076.491,748.8325,921.56335,662.07916,788.74365,591.0462
26551.537,779.5511,1067.706,736.43915,913.57935,651.0237,780.81396,580.8804
26610.148,770.15576,1058.9733,724.0644,905.6454,639.9879,772.938,570.7487
26668.758,760.9231,1050.2932,711.7087,897.7627,628.9729,765.1173,560.6491
26727.37,751.84845,1041.6649,699.37103,889.93,617.9767,757.3515,550.5832
26785.979,742.9309,1033.0887,687.0521,882.14813,607.00024,749.6408,540.5489
26844.59,734.1657,1024.5641,674.75,874.4162,596.04193,741.9843,530.548
26903.201,725.5516,1016.09094,662.46576,866.7345,585.10223,734.38403,520.57825
26961.81,717.08484,1007.66943,650.1988,859.1027,574.1807,726.8388,510.6409
27020.422,708.7622,999.299,637.9482,851.5204,563.2769,719.34875,500.7346
27079.031,700.5815,990.98004,625.71454,843.98773,552.3907,711.9136,490.85965
27137.643,692.53876,982.7117,613.4963,836.5044,541.52106,704.535,481.01492
27196.252,684.63135,974.494,601.2941,829.07056,530.6683,697.2107,471.2013
27254.863,676.8564,966.327,589.107,821.686,519.8312,689.9424,461.41696
27313.473,669.2108,958.211,576.93475,814.35004,509.01053,682.72906,451.66293
27372.084,661.6912,950.14435,564.7771,807.06256,498.20465,675.5716,441.937
27430.695,654.2948,942.1284,552.6337,799.82385,487.41425,668.46954,432.2408
27489.305,647.0185,934.1624,540.5049,792.6337,476.63867,661.42316,422.57233
27547.916,639.8595,926.24585,528.389,785.4915,465.87732,654.4325,412.93198
27606.525,632.81494,918.37885,516.2869,778.39795,455.13022,647.4966,403.3184
27665.137,625.88116,910.5613,504.19736,771.35156,444.39618,640.61707,393.73233
27723.746,619.0561,902.7933,492.12097,764.3532,433.67618,633.7919,384.17212
27782.357,612.33594,895.0741,480.05627,757.40247,422.96835,627.0226,374.63776
27840.967,605.71783,887.40436,468.00418,750.49866,412.27368,620.3085,365.12845
27899.578,599.1982,879.783,455.9632,743.6423,401.59064,613.649,355.64423
27958.19,592.77264,872.21075,443.93356,736.8325,390.91968,607.04565,346.18307
28016.799,586.43646,864.6868,431.91547,730.0703,380.26028,600.4961,336.74643
28075.41,580.1825,857.2111,419.90738,723.35425,369.612,594.0033,327.33188
28134.02,574.00903,849.78424,407.91022,716.68536,358.97467,587.56335,317.94022
28192.63,567.9636,842.4051,395.92264,710.062,348.34766,581.1803,308.56918
28251.24,561.8675,835.07416,383.9453,703.48535,337.731,574.8501,299.22
28309.852,555.9765,827.7905,371.97678,696.95435,327.12393,568.5761,289.8904
28368.46,550.1453,820.55493,360.01788,690.4694,316.52658,562.3556,280.58124
28427.072,544.3726,813.3665,348.06726,684.02985,305.938,556.1901,271.29007
28485.684,538.6579,806.22534,336.1252,677.6358,295.3583,550.07837,262.01788
28544.293,532.99963,799.13165,324.1918,671.2875,284.78732,544.0212,252.76302
28602.904,527.39667,792.0847,312.2658,664.984,274.2242,538.01794,243.52533
28661.514,521.8484,785.0848,300.3477,658.72565,263.66916,532.0688,234.30368
28720.125,516.3533,778.13135,288.43637,652.5121,253.12128,526.1736,225.09773
28778.734,510.91064,771.2245,276.53238,646.34296,242.58073,520.3316,215.90671
28837.346,505.51956,764.3635,264.6348,640.2185,232.04678,514.5439,206.72986
28895.955,500.17953,757.5491,252.74367,634.13806,221.51968,508.80908,197.56656
28954.566,494.88953,750.78033,240.85847,628.102,210.99846,503.12854,188.41617
29013.178,489.64896,744.05756,228.97885,622.1092,200.48312,497.50037,179.27773
29071.787,484.45724,737.38055,217.10507,616.1614,189.97363,491.92618,170.15126
29130.398,479.31314,730.74915,205.23598,610.2562,179.46909,486.40457,161.03505
29189.008,474.21667,724.16327,193.3721,604.39484,168.96983,480.9363,151.92952
29247.62,469.16644,717.622,181.51247,598.57654,158.47487,475.5208,142.83319
29306.229,464.16217,711.12634,169.65742,592.80176,147.98451,470.15796,133.74661
29364.84,459.2031,704.6751,157.80592,587.0692,137.49785,464.84818,124.66811
29423.45,454.28873,698.2689,145.95816,581.3797,127.01513,459.59042,115.59756
29482.06,449.41824,691.9069,134.11269,575.7325,116.53511,454.3854,106.53182
29540.672,444.5912,685.58966,122.26806,570.12787,106.05719,449.23282,97.465454
29599.281,439.80704,679.31665,110.41982,564.5655,95.57885,444.13287,88.38687
29657.893,435.06506,673.08765,98.55327,559.04486,85.09131,439.08493,79.27098
29716.502,430.36493,666.9024,86.62828,553.5665,74.56933,434.08978,70.064026
29775.113,425.70572,660.76105,74.52268,548.1296,63.92953,429.1467,60.62812
29833.723,421.08737,654.66345,61.87676,542.7344,52.90868,424.25632,50.579975
29892.334,416.5091,648.6087,47.618744,537.37994,40.656986,419.41797,38.86742
29950.943,411.97073,642.59784,28.573217,532.0671,24.44671,414.63226,23.26936
30009.555,407.47147,636.6296,0.0,526.79486,0.0,409.89893,0.0
30068.166,403.01102,630.7042,0.0,521.56354,0.0,405.218,0.0
30126.775,398.5893,624.8219,0.0,516.3731,0.0,400.58975,0.0
30185.387,394.2055,618.9817,0.0,511.22275,0.0,396.0141,0.0
30243.996,389.85947,613.1842,0.0,506.11285,0.0,391.49146,0.0
30302.607,385.55075,607.4288,0.0,501.04276,0.0,387.02145,0.0
30361.217,381.27908,601.7155,0.0,496.0129,0.0,382.60507,0.0
30419.828,377.04422,596.04395,0.0,491.02255,0.0,378.2413,0.0
30478.438,372.84583,590.41437,0.0,486.07175,0.0,373.9317,0.0
30537.049,368.68378,584.82587,0.0,481.16003,0.0,369.67514,0.0
30595.66,364.5575,579.27905,0.0,476.2879,0.0,365.47168,0.0
30654.27,360.4675,573.77344,0.0,471.4545,0.0,361.31958,0.0
30712.88,356.413,568.3087,0.0,466.6599,0.0,357.21777,0.0
30771.49,352.39444,562.8849,0.0,461.90405,0.0,353.1659,0.0
30830.102,348.4114,557.5014,0.0,457.1864,0.0,349.162,0.0
30888.71,344.46423,552.1587,0.0,452.507,0.0,345.2056,0.0
30947.322,340.5526,546.8559,0.0,447.8656,0.0,341.29614,0.0
31005.932,336.67685,541.5937,0.0,443.26202,0.0,337.43253,0.0
31064.543,332.83682,536.371,0.0,438.69592,0.0,333.61353,0.0
31123.154,329.03262,531.1883,0.0,434.16742,0.0,329.83868,0.0
31181.764,325.2648,526.0452,0.0,429.67667,0.0,326.10742,0.0
31240.375,321.53275,520.94147,0.0,425.22244,0.0,322.41846,0.0
31298.984,317.83722,515.8771,0.0,420.80557,0.0,318.77142,0.0
31357.596,314.17783,510.85156,0.0,416.42502,0.0,315.1654,0.0
31416.205,310.55484,505.86508,0.0,412.08133,0.0,311.6002,0.0
31474.816,306.96835,500.91714,0.0,407.77374,0.0,308.07452,0.0
31533.426,303.41855,496.0081,0.0,403.5027,0.0,304.58817,0.0
31592.037,299.90503,491.13702,0.0,399.26724,0.0,301.1404,0.0
31650.648,296.42795,486.30438,0.0,395.06775,0.0,297.73044,0.0
31709.258,292.9874,481.5097,0.0,390.9038,0.0,294.3583,0.0
31767.87,289.58304,476.75278,0.0,386.77536,0.0,291.02283,0.0
31826.479,286.21497,472.03354,0.0,382.68204,0.0,287.72397,0.0
31885.09,282.88293,467.35147,0.0,378.62384,0.0,284.46048,0.0
31943.7,279.58694,462.7071,0.0,374.60022,0.0,281.23303,0.0
32002.31,276.32648,458.09946,0.0,370.61145,0.0,278.03976,0.0
32060.92,273.10196,453.5289,0.0,366.65732,0.0,274.88174,0.0
32119.531,269.91263,448.99503,0.0,362.7371,0.0,271.75693,0.0
32178.143,266.75845,444.49768,0.0,358.85083,0.0,268.6664,0.0
32236.752,263.63943,440.03674,0.0,354.99887,0.0,265.60883,0.0
32295.363,260.55463,435.61182,0.0,351.1804,0.0,262.5842,0.0
32353.973,257.50452,431.22302,0.0,347.39566,0.0,259.59177,0.0
32412.584,254.48819,426.87,0.0,343.64398,0.0,256.6316,0.0
32471.193,251.50583,422.55264,0.0,339.9255,0.0,253.70285,0.0
32529.805,248.55672,418.27045,0.0,336.23984,0.0,250.8056,0.0
32588.414,245.64096,414.02383,0.0,332.58725,0.0,247.93932,0.0
32647.025,242.75801,409.81204,0.0,328.9668,0.0,245.10368,0.0
32705.637,239.90758,405.63528,0.0,325.37878,0.0,242.29813,0.0
32764.246,237.08948,401.4931,0.0,321.823,0.0,239.52298,0.0
32822.855,234.3032,397.38574,0.0,318.29922,0.0,236.77722,0.0
32881.47,231.54845,393.3124,0.0,314.8072,0.0,234.06091,0.0
32940.08,228.825,389.27362,0.0,311.34686,0.0,231.37373,0.0
32998.688,226.13257,385.2688,0.0,307.91806,0.0,228.71552,0.0
33057.297,223.47081,381.2978,0.0,304.52057,0.0,226.08562,0.0
33115.91,220.83905,377.36017,0.0,301.15414,0.0,223.48395,0.0
33174.52,218.23763,373.45615,0.0,297.81848,0.0,220.91042,0.0
33233.13,215.66582,369.5855,0.0,294.5136,0.0,218.36461,0.0
33291.742,213.12325,365.74753,0.0,291.239,0.0,215.84592,0.0
33350.35,210.60994,361.94263,0.0,287.995,0.0,213.35469,0.0
33408.96,208.12546,358.1706,0.0,284.78085,0.0,210.89027,0.0
33467.57,205.66936,354.43103,0.0,281.59677,0.0,208.45262,0.0
33526.184,203.24147,350.72345,0.0,278.44217,0.0,206.041,0.0
33584.793,200.84148,347.04843,0.0,275.31735,0.0,203.65593,0.0
33643.402,198.46925,343.40518,0.0,272.22183,0.0,201.29652,0.0
33702.01,196.12424,339.79382,0.0,269.15536,0.0,198.96289,0.0
33760.625,193.8062,336.2137,0.0,266.1175,0.0,196.65459,0.0
33819.234,191.51497,332.66534,0.0,263.10867,0.0,194.37146,0.0
33877.844,189.25034,329.14807,0.0,260.1286,0.0,192.1135,0.0
33936.457,187.01167,325.66168,0.0,257.17664,0.0,189.87988,0.0
33995.066,184.7992,322.2062,0.0,254.253,0.0,187.6711,0.0
34053.676,182.61235,318.78156,0.0,251.35738,0.0,185.48639,0.0
34112.285,180.45094,315.38727,0.0,248.48976,0.0,183.32594,0.0
34170.9,178.31456,312.023,0.0,245.6494,0.0,181.189,0.0
34229.508,176.20325,308.68906,0.0,242.83661,0.0,179.07585,0.0
34288.117,174.11664,305.38513,0.0,240.0511,0.0,176.98604,0.0
34346.73,172.05423,302.1106,0.0,237.29247,0.0,174.91927,0.0
34405.34,170.01605,298.86584,0.0,234.56108,0.0,172.87552,0.0
34463.95,168.00182,295.65042,0.0,231.85611,0.0,170.85457,0.0
34522.56,166.01118,292.46408,0.0,229.17793,0.0,168.85608,0.0
34581.17,164.04372,289.3066,0.0,226.5257,0.0,166.87967,0.0
34639.78,162.0997,286.17804,0.0,223.89967,0.0,164.92558,0.0
34698.39,160.17844,283.07822,0.0,221.29976,0.0,162.99326,0.0
34757.0,158.27989,280.00665,0.0,218.72559,0.0,161.08269,0.0
34815.613,156.40366,276.96326,0.0,216.17683,0.0,159.19342,0.0
34874.223,154.54971,273.94803,0.0,213.65358,0.0,157.32549,0.0
34932.832,152.71762,270.9607,0.0,211.1556,0.0,155.47868,0.0
34991.445,150.90732,268.00073,0.0,208.68254,0.0,153.65242,0.0
35050.055,149.11847,265.06863,0.0,206.23438,0.0,151.8472,0.0
35108.664,147.35094,262.16373,0.0,203.81088,0.0,150.06215,0.0
35167.273,145.6043,259.28595,0.0,201.41174,0.0,148.29755,0.0
35225.887,143.87836,256.43503,0.0,199.03679,0.0,146.55267,0.0
35284.496,142.17305,253.61095,0.0,196.68623,0.0,144.82803,0.0
35343.105,140.48805,250.81348,0.0,194.35953,0.0,143.12282,0.0
35401.72,138.82304,248.04219,0.0,192.05638,0.0,141.43713,0.0
35460.33,137.17795,245.2974,0.0,189.77689,0.0,139.77068,0.0
35518.938,135.55261,242.57843,0.0,187.52095,0.0,138.12354,0.0
35577.547,133.94669,239.88544,0.0,185.28809,0.0,136.49503,0.0
35636.16,132.3598,237.21793,0.0,183.07803,0.0,134.88533,0.0
35694.77,130.79204,234.57607,0.0,180.8911,0.0,133.29399,0.0
35753.38,129.24303,231.95952,0.0,178.72672,0.0,131.72137,0.0
35811.99,127.71258,229.36803,0.0,176.58498,0.0,130.16644,0.0
35870.6,126.20039,226.80128,0.0,174.46527,0.0,128.62975,0.0
35929.21,124.7064,224.25972,0.0,172.36794,0.0,127.110596,0.0
35987.82,123.23039,221.74257,0.0,170.2923,0.0,125.609314,0.0
36046.434,121.7719,219.24962,0.0,168.23866,0.0,124.12511,0.0
36105.043,120.33113,216.7812,0.0,166.20668,0.0,122.65838,0.0
36163.652,118.90755,214.33672,0.0,164.1962,0.0,121.20851,0.0
36222.26,117.50112,211.91618,0.0,162.20694,0.0,119.77578,0.0
36280.875,116.11138,209.51915,0.0,160.23854,0.0,118.35935,0.0
36339.484,114.73856,207.14575,0.0,158.29124,0.0,116.95978,0.0
36398.094,113.38212,204.79587,0.0,156.36473,0.0,115.57631,0.0
36456.707,112.041954,202.46887,0.0,154.45871,0.0,114.20918,0.0
36515.316,110.71791,200.16502,0.0,152.57326,0.0,112.85782,0.0
36573.926,109.40984,197.88405,0.0,150.7079,0.0,111.52266,0.0
36632.535,108.117455,195.62575,0.0,148.86267,0.0,110.20285,0.0
36691.15,106.840485,193.38968,0.0,147.03722,0.0,108.89868,0.0
36749.758,105.578995,191.17622,0.0,145.23146,0.0,107.609726,0.0
36808.367,104.33261,188.9849,0.0,143.44534,0.0,106.33612,0.0
36866.977,103.10123,186.81541,0.0,141.67868,0.0,105.07735,0.0
36925.59,101.88454,184.66765,0.0,139.93108,0.0,103.833496,0.0
36984.2,100.68254,182.54167,0.0,138.2027,0.0,102.60424,0.0
37042.81,99.494965,180.43715,0.0,136.49326,0.0,101.389656,0.0
37101.42,98.32153,178.35373,0.0,134.80234,0.0,100.18917,0.0
37160.03,97.16229,176.29169,0.0,133.1301,0.0,99.00315,0.0
37218.64,96.016884,174.25052,0.0,131.47629,0.0,97.83095,0.0
37277.25,94.8853,172.23018,0.0,129.8407,0.0,96.672844,0.0
37335.863,93.76711,170.23026,0.0,128.22319,0.0,95.52816,0.0
37394.473,92.66248,168.25099,0.0,126.62362,0.0,94.39736,0.0
37453.082,91.57098,166.29198,0.0,125.04184,0.0,93.279785,0.0
37511.695,90.492516,164.35298,0.0,123.477585,0.0,92.17553,0.0
37570.305,89.42695,162.43419,0.0,121.930824,0.0,91.08442,0.0
37628.914,88.374214,160.53508,0.0,120.4014,0.0,90.00629,0.0
37687.523,87.33395,158.65569,0.0,118.8891,0.0,88.940994,0.0
37746.137,86.30616,156.7956,0.0,117.39369,0.0,87.88833,0.0
37804.746,85.29059,154.95494,0.0,115.91529,0.0,86.84823,0.0
37863.355,84.28721,153.13348,0.0,114.45357,0.0,85.82058,0.0
37921.965,83.29573,151.33095,0.0,113.00826,0.0,84.80515,0.0
37980.58,82.316086,149.54726,0.0,111.579254,0.0,83.80172,0.0
38039.188,81.34807,147.78223,0.0,110.166565,0.0,82.8104,0.0
38097.797,80.39163,146.03584,0.0,108.76997,0.0,81.830795,0.0
38156.41,79.44647,144.30756,0.0,107.3892,0.0,80.862976,0.0
38215.02,78.5126,142.59772,0.0,106.02422,0.0,79.90664,0.0
38273.63,77.5898,140.90588,0.0,104.674965,0.0,78.961815,0.0
38332.24,76.677986,139.23203,0.0,103.34113,0.0,78.02819,0.0
38390.85,75.776924,137.5757,0.0,102.02257,0.0,77.105804,0.0
38449.46,74.88657,135.9372,0.0,100.71925,0.0,76.19441,0.0
38508.07,74.006775,134.31612,0.0,99.43107,0.0,75.2939,0.0
38566.68,73.13738,132.71233,0.0,98.157684,0.0,74.404205,0.0
38625.293,72.27824,131.12553,0.0,96.898994,0.0,73.52514,0.0
38683.902,71.429306,129.55594,0.0,95.654945,0.0,72.65653,0.0
38742.51,70.59039,128.00313,0.0,94.425415,0.0,71.79843,0.0
38801.125,69.76132,126.46692,0.0,93.21018,0.0,70.9504,0.0
38859.734,68.942085,124.9474,0.0,92.00914,0.0,70.11277,0.0
38918.344,68.13249,123.44427,0.0,90.822136,0.0,69.28495,0.0
38976.953,67.33249,121.95737,0.0,89.64912,0.0,68.467224,0.0
39035.566,66.54173,120.48652,0.0,88.4897,0.0,67.659065,0.0
39094.176,65.76045,119.03167,0.0,87.34407,0.0,66.8608,0.0
39152.785,64.98825,117.59269,0.0,86.21188,0.0,66.07191,0.0
39211.4,64.22515,116.169266,0.0,85.09317,0.0,65.29257,0.0
39270.008,63.47102,114.761536,0.0,83.987656,0.0,64.52249,0.0
39328.617,62.725765,113.36911,0.0,82.89522,0.0,63.761684,0.0
39387.227,61.98923,111.99205,0.0,81.81574,0.0,63.009964,0.0
39445.84,61.261242,110.62997,0.0,80.74908,0.0,62.26707,0.0
39504.45,60.54185,109.28294,0.0,79.69527,0.0,61.533535,0.0
39563.06,59.830887,107.95084,0.0,78.65393,0.0,60.808113,0.0
39621.668,59.128212,106.633316,0.0,77.62511,0.0,60.09197,0.0
39680.28,58.433655,105.33039,0.0,76.6086,0.0,59.384052,0.0
39738.89,57.74735,104.04196,0.0,75.604294,0.0,58.684673,0.0
39797.5,57.068974,102.76781,0.0,74.61205,0.0,57.993687,0.0
39856.113,56.398502,101.50782,0.0,73.6318,0.0,57.31092,0.0
39914.723,55.73586,100.26187,0.0,72.66337,0.0,56.63634,0.0
39973.332,55.08095,99.02989,0.0,71.706665,0.0,55.9698,0.0
40031.94,54.43365,97.811646,0.0,70.761475,0.0,55.31129,0.0
40090.555,53.79381,96.606964,0.0,69.82776,0.0,54.66051,0.0
40149.164,53.1615,95.415924,0.0,68.90547,0.0,54.017612,0.0
40207.773,52.536472,94.23823,0.0,67.99443,0.0,53.382355,0.0
40266.387,51.9187,93.07372,0.0,67.09445,0.0,52.754604,0.0
40324.996,51.308125,91.92244,0.0,66.20552,0.0,52.13445,0.0
40383.605,50.70465,90.78409,0.0,65.32743,0.0,51.52163,0.0
40442.215,50.108124,89.658714,0.0,64.46009,0.0,50.916122,0.0
40500.83,49.51852,88.54596,0.0,63.603397,0.0,50.317795,0.0
40559.438,48.935745,87.44593,0.0,62.757214,0.0,49.726646,0.0
40618.047,48.359756,86.35842,0.0,61.92156,0.0,49.14251,0.0
40676.656,47.79038,85.28329,0.0,61.096157,0.0,48.565365,0.0
40735.27,47.227592,84.220375,0.0,60.28092,0.0,47.995007,0.0
40793.88,46.67133,83.16967,0.0,59.475746,0.0,47.431515,0.0
40852.49,46.12148,82.13094,0.0,58.680653,0.0,46.874634,0.0
40911.1,45.577957,81.10411,0.0,57.895367,0.0,46.324448,0.0
40969.71,45.040733,80.08909,0.0,57.11989,0.0,45.780754,0.0
41028.32,44.509712,79.08579,0.0,56.354065,0.0,45.243546,0.0
41086.93,43.984825,78.094025,0.0,55.597816,0.0,44.712692,0.0
41145.543,43.465946,77.11365,0.0,54.850964,0.0,44.188095,0.0
41204.152,42.95308,76.14466,0.0,54.11352,0.0,43.66979,0.0
41262.76,42.446114,75.18692,0.0,53.385277,0.0,43.157623,0.0
41321.375,41.944954,74.24019,0.0,52.66614,0.0,42.651505,0.0
41379.984,41.449615,73.30454,0.0,51.95605,0.0,42.151375,0.0
41438.594,40.959946,72.37975,0.0,51.254963,0.0,41.6572,0.0
41497.203,40.47594,71.46576,0.0,50.56265,0.0,41.168873,0.0
41555.816,39.997463,70.562386,0.0,49.87914,0.0,40.68627,0.0
41614.426,39.524532,69.669525,0.0,49.204304,0.0,40.209435,0.0
41673.035,39.057034,68.78725,0.0,48.537914,0.0,39.73824,0.0
41731.645,38.594917,67.91523,0.0,47.88004,0.0,39.2726,0.0
41790.258,38.13806,67.053406,0.0,47.230507,0.0,38.812405,0.0
41848.867,37.6865,66.20176,0.0,46.589233,0.0,38.357723,0.0
41907.477,37.240128,65.36014,0.0,45.95605,0.0,37.908398,0.0
41966.09,36.798832,64.528404,0.0,45.33102,0.0,37.464317,0.0
42024.7,36.36267,63.7065,0.0,44.714,0.0,37.025536,0.0
42083.31,35.931488,62.894333,0.0,44.104904,0.0,36.591923,0.0
42141.918,35.505272,62.09178,0.0,43.503544,0.0,36.163387,0.0
42200.53,35.08391,61.298687,0.0,42.909874,0.0,35.739895,0.0
42259.14,34.667435,60.515057,0.0,42.32386,0.0,35.3214,0.0
42317.75,34.255733,59.740772,0.0,41.74539,0.0,34.907883,0.0
42376.363,33.84874,58.975613,0.0,41.174294,0.0,34.49913,0.0
42434.973,33.44642,58.21966,0.0,40.61067,0.0,34.095257,0.0
42493.582,33.04876,57.472725,0.0,40.05427,0.0,33.696106,0.0
42552.19,32.655636,56.734695,0.0,39.505093,0.0,33.301678,0.0
42610.805,32.267033,56.005478,0.0,38.962963,0.0,32.911835,0.0
42669.414,31.88289,55.285046,0.0,38.42793,0.0,32.52659,0.0
42728.023,31.503185,54.573265,0.0,37.899796,0.0,32.145893,0.0
42786.633,31.127813,53.870026,0.0,37.37853,0.0,31.769638,0.0
42845.246,30.756758,53.17524,0.0,36.86401,0.0,31.3978,0.0
42903.855,30.38997,52.488834,0.0,36.356262,0.0,31.030323,0.0
42962.465,30.027407,51.81074,0.0,35.855118,0.0,30.667206,0.0
43021.08,29.66899,51.14079,0.0,35.360504,0.0,30.308258,0.0
43079.688,29.31471,50.479008,0.0,34.872375,0.0,29.953598,0.0
43138.297,28.964499,49.825207,0.0,34.390636,0.0,29.603065,0.0
43196.906,28.61833,49.179375,0.0,33.915203,0.0,29.25666,0.0
43255.52,28.276108,48.541325,0.0,33.445976,0.0,28.91425,0.0
43314.13,27.937834,47.911118,0.0,32.98294,0.0,28.575933,0.0
43372.74,27.603466,47.288544,0.0,32.526,0.0,28.241518,0.0
43431.35,27.27292,46.673546,0.0,32.075054,0.0,27.911041,0.0
43489.96,26.9462,46.066093,0.0,31.630127,0.0,27.58442,0.0
43548.57,26.623255,45.466072,0.0,31.191,0.0,27.261644,0.0
43607.18,26.304024,44.873375,0.0,30.757744,0.0,26.942652,0.0
43665.793,25.988447,44.287945,0.0,30.330118,0.0,26.627348,0.0
43724.402,25.676537,43.709682,0.0,29.908276,0.0,26.315775,0.0
43783.01,25.36822,43.138577,0.0,29.491957,0.0,26.007847,0.0
43841.62,25.063448,42.574455,0.0,29.081224,0.0,25.703503,0.0
43900.234,24.762192,42.01726,0.0,28.675823,0.0,25.402708,0.0
43958.844,24.46441,41.466995,0.0,28.275927,0.0,25.105467,0.0
44017.453,24.170107,40.923492,0.0,27.881311,0.0,24.811646,0.0
44076.066,23.879139,40.386684,0.0,27.491983,0.0,24.521294,0.0
44134.676,23.591581,39.85655,0.0,27.107859,0.0,24.234308,0.0
44193.285,23.307339,39.33297,0.0,26.728859,0.0,23.950726,0.0
44251.895,23.026384,38.815933,0.0,26.354918,0.0,23.670406,0.0
44310.508,22.74867,38.305233,0.0,25.985962,0.0,23.39337,0.0
44369.117,22.47419,37.800945,0.0,25.62202,0.0,23.119572,0.0
44427.727,22.202883,37.302917,0.0,25.262913,0.0,22.84901,0.0
44486.34,21.934727,36.81108,0.0,24.908628,0.0,22.581545,0.0
44544.95,21.669682,36.32539,0.0,24.559107,0.0,22.317245,0.0
44603.56,21.40771,35.8458,0.0,24.214315,0.0,22.056034,0.0
44662.168,21.148785,35.372185,0.0,23.87415,0.0,21.797861,0.0
44720.78,20.892841,34.904453,0.0,23.538565,0.0,21.54269,0.0
44779.39,20.639893,34.44262,0.0,23.207544,0.0,21.290522,0.0
44838.0,20.389887,33.986595,0.0,22.881004,0.0,21.041325,0.0
44896.61,20.1428,33.536285,0.0,22.558846,0.0,20.794987,0.0
44955.223,19.898556,33.09161,0.0,22.24102,0.0,20.551552,0.0
45013.832,19.657185,32.65257,0.0,21.927525,0.0,20.310953,0.0
45072.44,19.418638,32.219048,0.0,21.61831,0.0,20.073174,0.0
45131.055,19.182838,31.790981,0.0,21.313261,0.0,19.838135,0.0
45189.664,18.949827,31.368347,0.0,21.012392,0.0,19.605898,0.0
45248.273,18.719522,30.951033,0.0,20.715597,0.0,19.376328,0.0
45306.883,18.491928,30.539024,0.0,20.422876,0.0,19.149485,0.0
45365.496,18.266954,30.132198,0.0,20.134117,0.0,18.925251,0.0
45424.105,18.044655,29.73055,0.0,19.849325,0.0,18.703661,0.0
45482.715,17.824944,29.334007,0.0,19.568375,0.0,18.484665,0.0
45541.324,17.607819,28.942505,0.0,19.291288,0.0,18.268213,0.0
45599.938,17.39321,28.555939,0.0,19.017992,0.0,18.054302,0.0
45658.547,17.181143,28.174335,0.0,18.748457,0.0,17.842894,0.0
45717.156,16.971563,27.797583,0.0,18.482609,0.0,17.633963,0.0
45775.77,16.764431,27.425623,0.0,18.220377,0.0,17.427444,0.0
45834.38,16.559755,27.058426,0.0,17.961744,0.0,17.223404,0.0
45892.99,16.357475,26.695938,0.0,17.706692,0.0,17.021685,0.0
45951.598,16.157597,26.338058,0.0,17.455135,0.0,16.822401,0.0
46010.21,15.96004,25.984764,0.0,17.207064,0.0,16.62536,0.0
46068.82,15.764849,25.636002,0.0,16.962389,0.0,16.430725,0.0
46127.43,15.571936,25.291714,0.0,16.721128,0.0,16.238287,0.0
46186.043,15.381306,24.951824,0.0,16.483107,0.0,16.048159,0.0
46244.652,15.192926,24.61635,0.0,16.248438,0.0,15.860227,0.0
46303.26,15.006794,24.285162,0.0,16.016966,0.0,15.674517,0.0
46361.87,14.822844,23.958256,0.0,15.788762,0.0,15.490979,0.0
46420.484,14.6410675,23.63555,0.0,15.563652,0.0,15.309581,0.0
46479.094,14.4614525,23.317017,0.0,15.341725,0.0,15.13033,0.0
46537.703,14.283987,23.002602,0.0,15.1228075,0.0,14.953175,0.0
46596.312,14.108597,22.692242,0.0,14.9069605,0.0,14.778101,0.0
46654.926,13.9353075,22.385874,0.0,14.694085,0.0,14.605067,0.0
46713.535,13.764066,22.083519,0.0,14.484212,0.0,14.4340925,0.0
46772.145,13.594884,21.785046,0.0,14.277216,0.0,14.2651005,0.0
46830.758,13.427688,21.490452,0.0,14.073118,0.0,14.098115,0.0
46889.367,13.262506,21.199692,0.0,13.871884,0.0,13.933055,0.0
46947.977,13.099289,20.912699,0.0,13.673434,0.0,13.769996,0.0
47006.586,12.938024,20.629465,0.0,13.477754,0.0,13.608803,0.0
47065.2,12.778671,20.349873,0.0,13.284773,0.0,13.449529,0.0
47123.81,12.621232,20.07396,0.0,13.094546,0.0,13.29211,0.0
47182.418,12.465683,19.801634,0.0,12.906921,0.0,13.13657,0.0
47241.03,12.311978,19.532852,0.0,12.721946,0.0,12.982825,0.0
47299.64,12.160142,19.26759,0.0,12.539538,0.0,12.830934,0.0
47358.25,12.0101,19.00582,0.0,12.359701,0.0,12.680797,0.0
47416.86,11.861889,18.747438,0.0,12.182374,0.0,12.532459,0.0
47475.473,11.7154255,18.492458,0.0,12.00756,0.0,12.385836,0.0
47534.082,11.570749,18.240799,0.0,11.835184,0.0,12.240964,0.0
47592.69,11.427807,17.992464,0.0,11.665208,0.0,12.09779,0.0
47651.3,11.286584,17.747375,0.0,11.497639,0.0,11.95631,0.0
47709.914,11.147055,17.505495,0.0,11.33242,0.0,11.816491,0.0
47768.523,11.009219,17.2668,0.0,11.169514,0.0,11.678322,0.0
47827.133,10.873044,17.031258,0.0,11.008942,0.0,11.541804,0.0
47885.746,10.738501,16.798792,0.0,10.850597,0.0,11.406856,0.0
47944.355,10.605604,16.569408,0.0,10.694496,0.0,11.273547,0.0
48002.965,10.474301,16.343048,0.0,10.540551,0.0,11.141789,0.0
48061.574,10.344603,16.119682,0.0,10.3888445,0.0,11.011598,0.0
48120.188,10.2164545,15.899231,0.0,10.239256,0.0,10.88293,0.0
48178.797,10.089873,15.681729,0.0,10.091794,0.0,10.7557955,0.0
48237.406,9.964827,15.4670925,0.0,9.946399,0.0,10.630167,0.0
48296.02,9.841283,15.255285,0.0,9.803062,0.0,10.50602,0.0
48354.63,9.719262,15.046291,0.0,9.6617365,0.0,10.383335,0.0
48413.24,9.598712,14.840074,0.0,9.522419,0.0,10.262116,0.0
48471.848,9.479636,14.636581,0.0,9.38509,0.0,10.1423235,0.0
48530.46,9.361998,14.435787,0.0,9.249699,0.0,10.023953,0.0
48589.07,9.245809,14.237665,0.0,9.116215,0.0,9.906982,0.0
48647.68,9.131027,14.042186,0.0,8.984655,0.0,9.791394,0.0
48706.29,9.017657,13.849299,0.0,8.854945,0.0,9.677188,0.0
48764.902,8.905653,13.658969,0.0,8.727073,0.0,9.56432,0.0
48823.51,8.795032,13.471189,0.0,8.6010065,0.0,9.452793,0.0
48882.12,8.6857605,13.285903,0.0,8.476766,0.0,9.342596,0.0
48940.734,8.577824,13.103088,0.0,8.35426,0.0,9.233688,0.0
48999.344,8.471213,12.922711,0.0,8.233511,0.0,9.126099,0.0
49057.953,8.365913,12.744755,0.0,8.114475,0.0,9.019763,0.0
49116.562,8.261901,12.569171,0.0,7.997152,0.0,8.914702,0.0
49175.176,8.159163,12.395927,0.0,7.881493,0.0,8.810877,0.0
49233.785,8.057688,12.225004,0.0,7.767489,0.0,8.708297,0.0
49292.395,7.957473,12.05638,0.0,7.6550875,0.0,8.606932,0.0
49351.008,7.858467,11.889996,0.0,7.54431,0.0,8.506762,0.0
49409.617,7.760701,11.725861,0.0,7.435118,0.0,8.407785,0.0
49468.227,7.6641316,11.563921,0.0,7.327501,0.0,8.309998,0.0
49526.836,7.568761,11.4041605,0.0,7.2213917,0.0,8.213354,0.0
49585.45,7.4745502,11.246529,0.0,7.1168103,0.0,8.117861,0.0
49644.06,7.3815107,11.091028,0.0,7.013723,0.0,8.023505,0.0
49702.668,7.289621,10.937623,0.0,6.9121265,0.0,7.9302797,0.0
49761.277,7.1988716,10.786271,0.0,6.811966,0.0,7.8381457,0.0
49819.89,7.1092277,10.63696,0.0,6.7132425,0.0,7.747112,0.0
49878.5,7.0207014,10.48966,0.0,6.615927,0.0,7.6571593,0.0
49937.11,6.9332757,10.344346,0.0,6.520021,0.0,7.5682783,0.0
49995.723,6.8469257,10.200987,0.0,6.425473,0.0,7.4804554,0.0
50054.332,6.7616525,10.059568,0.0,6.332298,0.0,7.3936634,0.0
50112.94,6.6774316,9.920055,0.0,6.240453,0.0,7.307922,0.0
50171.55,6.5942664,9.782429,0.0,6.1499395,0.0,7.223186,0.0
50230.164,6.5121136,9.646656,0.0,6.060703,0.0,7.1394644,0.0
50288.773,6.430998,9.512726,0.0,5.972765,0.0,7.0567346,0.0
50347.383,6.3508782,9.380606,0.0,5.8860874,0.0,6.974988,0.0
50405.996,6.2717624,9.25027,0.0,5.8006635,0.0,6.8942084,0.0
50464.605,6.1936235,9.121704,0.0,5.7164474,0.0,6.814391,0.0
50523.215,6.1164684,8.994886,0.0,5.633451,0.0,6.7355323,0.0
50581.824,6.040261,8.869784,0.0,5.5516596,0.0,6.6575956,0.0
50640.438,5.9650135,8.746372,0.0,5.4710326,0.0,6.580589,0.0
50699.047,5.8906937,8.624645,0.0,5.39156,0.0,6.504495,0.0
50757.656,5.8173103,8.504574,0.0,5.3132553,0.0,6.4293113,0.0
50816.266,5.7448306,8.386132,0.0,5.2360644,0.0,6.35501,0.0
50874.88,5.6732655,8.269287,0.0,5.1599817,0.0,6.281594,0.0
50933.49,5.6025834,8.154048,0.0,5.0849996,0.0,6.2090535,0.0
50992.098,5.5327935,8.040371,0.0,5.011114,0.0,6.137369,0.0
51050.71,5.4638624,7.9282393,0.0,4.938264,0.0,6.0665374,0.0
51109.32,5.3958063,7.8176374,0.0,4.8664775,0.0,5.996546,0.0
51167.93,5.328591,7.7085443,0.0,4.79573,0.0,5.9273834,0.0
51226.54,5.2622213,7.600945,0.0,4.72602,0.0,5.8590446,0.0
51285.152,5.196675,7.4947987,0.0,4.657295,0.0,5.791503,0.0
51343.76,5.1319547,7.3901134,0.0,4.5895786,0.0,5.724776,0.0
51402.37,5.0680456,7.2868514,0.0,4.5228214,0.0,5.658831,0.0
51460.984,5.0049233,7.1850014,0.0,4.4570355,0.0,5.593667,0.0
51519.594,4.942607,7.0845437,0.0,4.392195,0.0,5.529274,0.0
51578.203,4.8810616,6.9854627,0.0,4.3283067,0.0,5.465658,0.0
51636.812,4.8202915,6.8877306,0.0,4.2653365,0.0,5.402769,0.0
51695.426,4.760273,6.791338,0.0,4.203285,0.0,5.340644,0.0
51754.035,4.7010145,6.696265,0.0,4.14212,0.0,5.2792354,0.0
51812.645,4.6424994,6.6024985,0.0,4.0818377,0.0,5.218577,0.0
51871.254,4.584709,6.510014,0.0,4.0224333,0.0,5.1586065,0.0
51929.867,4.5276546,6.418791,0.0,3.963883,0.0,5.099365,0.0
51988.477,4.4713006,6.3288255,0.0,3.9061873,0.0,5.040803,0.0
52047.086,4.415674,6.240092,0.0,3.8493166,0.0,4.982963,0.0
52105.7,4.3607183,6.1525683,0.0,3.7932699,0.0,4.9257636,0.0
52164.31,4.306468,6.0662546,0.0,3.738044,0.0,4.8692756,0.0
52222.918,4.2529078,5.981124,0.0,3.6836126,0.0,4.813421,0.0
52281.527,4.199983,5.897163,0.0,3.6299748,0.0,4.758252,0.0
52340.14,4.147765,5.81435,0.0,3.5771024,0.0,4.7037024,0.0
52398.75,4.0961685,5.7326775,0.0,3.5250027,0.0,4.64982,0.0
52457.36,4.0452247,5.652132,0.0,3.4736645,0.0,4.596545,0.0
52515.97,3.9949455,5.5726886,0.0,3.4230711,0.0,4.5439234,0.0
52574.582,3.9452531,5.4943376,0.0,3.3732033,0.0,4.491886,0.0
52633.19,3.8962133,5.417067,0.0,3.3240569,0.0,4.4404864,0.0
52691.8,3.8477843,5.340863,0.0,3.2756176,0.0,4.3896675,0.0
52750.414,3.7999516,5.265701,0.0,3.2278948,0.0,4.339458,0.0
52809.023,3.7527184,5.1915812,0.0,3.1808598,0.0,4.2898235,0.0
52867.633,3.706092,5.1184793,0.0,3.1345043,0.0,4.240779,0.0
52926.242,3.6600358,5.046386,0.0,3.088813,0.0,4.1923018,0.0
52984.855,3.6145513,4.97528,0.0,3.0437937,0.0,4.1443915,0.0
53043.465,3.5696514,4.905161,0.0,2.9994226,0.0,4.097032,0.0
53102.074,3.525307,4.836005,0.0,2.9556985,0.0,4.050239,0.0
53160.688,3.4815066,4.7678,0.0,2.9126105,0.0,4.003969,0.0
53219.297,3.4382658,4.700543,0.0,2.870152,0.0,3.958254,0.0
53277.906,3.3955686,4.63421,0.0,2.8283021,0.0,3.913063,0.0
53336.516,3.3533986,4.568795,0.0,2.787056,0.0,3.8683991,0.0
53395.13,3.31174,4.5042744,0.0,2.7464058,0.0,3.8242433,0.0
53453.74,3.270635,4.4406514,0.0,2.7063472,0.0,3.7806103,0.0
53512.348,3.2300208,4.377909,0.0,2.666872,0.0,3.7374716,0.0
53570.957,3.1899123,4.3160286,0.0,2.6279676,0.0,3.6948407,0.0
53629.57,3.150308,4.255,0.0,2.58963,0.0,3.6526875,0.0
53688.18,3.111193,4.19482,0.0,2.551843,0.0,3.6110337,0.0
53746.79,3.0725915,4.13547,0.0,2.514604,0.0,3.5698454,0.0
53805.402,3.034422,4.076935,0.0,2.4779022,0.0,3.529141,0.0
53864.01,2.9967635,4.0192156,0.0,2.4417434,0.0,3.4888935,0.0
53922.62,2.9595642,3.962292,0.0,2.4061005,0.0,3.4491236,0.0
53981.23,2.922825,3.9061542,0.0,2.3709743,0.0,3.4097881,0.0
54039.844,2.8865378,3.8507895,0.0,2.336351,0.0,3.3709188,0.0
54098.453,2.8507082,3.7961938,0.0,2.302238,0.0,3.33248,0.0
54157.062,2.8153157,3.7423527,0.0,2.268608,0.0,3.2944925,0.0
54215.676,2.7803657,3.689252,0.0,2.235465,0.0,3.2569225,0.0
54274.285,2.7458427,3.6368885,0.0,2.2028046,0.0,3.2197914,0.0
54332.895,2.7117543,3.5852497,0.0,2.1706185,0.0,3.183076,0.0
54391.504,2.6780763,3.5343232,0.0,2.1389008,0.0,3.146782,0.0
54450.117,2.644825,3.484099,0.0,2.107636,0.0,3.110887,0.0
54508.727,2.611969,3.4345698,0.0,2.0768244,0.0,3.0754104,0.0
54567.336,2.579535,3.3857272,0.0,2.0464516,0.0,3.040327,0.0
54625.945,2.5474823,3.3375573,0.0,2.0165212,0.0,3.005635,0.0
54684.56,2.5158393,3.2900534,0.0,1.98702,0.0,2.9713366,0.0
54743.168,2.4845686,3.2432044,0.0,1.9579498,0.0,2.9374223,0.0
54801.777,2.4536989,3.1970077,0.0,1.9292958,0.0,2.9038904,0.0
54860.39,2.4231904,3.1514416,0.0,1.9010593,0.0,2.8707273,0.0
54919.0,2.3930695,3.1065106,0.0,1.8732253,0.0,2.8379407,0.0
54977.61,2.363302,3.062201,0.0,1.8457916,0.0,2.80551,0.0
55036.22,2.333913,3.0185013,0.0,1.8187551,0.0,2.7734516,0.0
55094.832,2.3048663,2.9754016,0.0,1.7921052,0.0,2.7417345,0.0
55153.44,2.2761865,2.932902,0.0,1.7658391,0.0,2.7103813,0.0
55212.05,2.247843,2.8909867,0.0,1.7399484,0.0,2.6793609,0.0
55270.664,2.219854,2.8496485,0.0,1.7144347,0.0,2.6486955,0.0
55329.273,2.1921957,2.8088832,0.0,1.6892821,0.0,2.6183546,0.0
55387.883,2.16488,2.768679,0.0,1.6644897,0.0,2.5883598,0.0
55446.492,2.137885,2.7290304,0.0,1.6400541,0.0,2.5586782,0.0
55505.105,2.1112242,2.6899245,0.0,1.6159711,0.0,2.529336,0.0
55563.715,2.0848753,2.6513608,0.0,1.592232,0.0,2.500297,0.0
55622.324,2.0588527,2.6133263,0.0,1.5688329,0.0,2.4715943,0.0
55680.934,2.0331328,2.5758176,0.0,1.5457634,0.0,2.443181,0.0
55739.547,2.0077274,2.5388217,0.0,1.5230294,0.0,2.4150922,0.0
55798.156,1.9826201,2.502337,0.0,1.5006192,0.0,2.3872895,0.0
55856.766,1.9578183,2.4663544,0.0,1.4785236,0.0,2.3598082,0.0
55915.38,1.9333031,2.4308634,0.0,1.4567395,0.0,2.3325963,0.0
55973.99,1.9090894,2.3958626,0.0,1.4352772,0.0,2.3056974,0.0
56032.598,1.8851541,2.3613412,0.0,1.4141107,0.0,2.2790697,0.0
56091.207,1.8615091,2.3272955,0.0,1.3932476,0.0,2.2527385,0.0
56149.82,1.8381361,2.2937126,0.0,1.3726776,0.0,2.2266738,0.0
56208.43,1.8150469,2.2605932,0.0,1.3524076,0.0,2.2008965,0.0
56267.04,1.7922219,2.2279274,0.0,1.3324172,0.0,2.1753833,0.0
56325.652,1.7696697,2.1957078,0.0,1.312714,0.0,2.1501448,0.0
56384.26,1.7473764,2.1639283,0.0,1.293286,0.0,2.1251633,0.0
56442.87,1.7253513,2.1325865,0.0,1.2741387,0.0,2.1004534,0.0
56501.48,1.703576,2.1016686,0.0,1.2552538,0.0,2.0759919,0.0
56560.094,1.682058,2.0711753,0.0,1.2366403,0.0,2.05179,0.0
56618.703,1.6607844,2.0410953,0.0,1.218286,0.0,2.0278358,0.0
56677.312,1.639764,2.0114295,0.0,1.2001954,0.0,2.0041313,0.0
56735.92,1.6189805,1.982163,0.0,1.1823512,0.0,1.9806693,0.0
56794.535,1.5984397,1.9532968,0.0,1.1647613,0.0,1.9574502,0.0
56853.145,1.5781312,1.9248221,0.0,1.1474159,0.0,1.9344648,0.0
56911.754,1.5580608,1.8967344,0.0,1.1303164,0.0,1.9117148,0.0
56970.367,1.5382134,1.8690257,0.0,1.1134503,0.0,1.889196,0.0
57028.977,1.5185965,1.8416951,0.0,1.0968221,0.0,1.8669055,0.0
57087.586,1.4991994,1.8147327,0.0,1.0804247,0.0,1.8448383,0.0
57146.195,1.4800253,1.7881371,0.0,1.0642532,0.0,1.822994,0.0
57204.81,1.4610628,1.7618968,0.0,1.0483062,0.0,1.8013654,0.0
57263.418,1.4423181,1.7360126,0.0,1.0325819,0.0,1.7799557,0.0
57322.027,1.4237798,1.710477,0.0,1.0170767,0.0,1.7587563,0.0
57380.64,1.4054518,1.6852827,0.0,1.001784,0.0,1.7377647,0.0
57439.25,1.3873254,1.6604288,0.0,0.98670006,0.0,1.7169825,0.0
57497.86,1.3694037,1.6359066,0.0,0.9718235,0.0,1.6964045,0.0
57556.47,1.3516759,1.6117153,0.0,0.95715076,0.0,1.6760244,0.0
57615.082,1.3341485,1.5878433,0.0,0.9426791,0.0,1.6558406,0.0
57673.69,1.3168092,1.5642942,0.0,0.92840576,0.0,1.6358559,0.0
57732.3,1.2996657,1.5410563,0.0,0.91432714,0.0,1.6160647,0.0
57790.91,1.2827021,1.5181298,0.0,0.9004375,0.0,1.5964576,0.0
57849.523,1.2659297,1.4955043,0.0,0.8867386,0.0,1.5770407,0.0
57908.133,1.2493331,1.4731814,0.0,0.8732245,0.0,1.5578066,0.0
57966.742,1.2329218,1.4511524,0.0,0.8598923,0.0,1.53876,0.0
58025.355,1.2166799,1.4294145,0.0,0.84673876,0.0,1.5198817,0.0
58083.965,1.2006193,1.4079622,0.0,0.8337643,0.0,1.5011892,0.0
58142.574,1.1847234,1.3867953,0.0,0.82096314,0.0,1.4826641,0.0
58201.184,1.1690031,1.3659037,0.0,0.8083324,0.0,1.4643183,0.0
58259.797,1.1534411,1.345285,0.0,0.79586524,0.0,1.4461325,0.0
58318.406,1.1380514,1.324937,0.0,0.78356636,0.0,1.428119,0.0
58377.016,1.1228157,1.3048538,0.0,0.77143073,0.0,1.4102665,0.0
58435.63,1.1077453,1.2850311,0.0,0.75945663,0.0,1.3925794,0.0
58494.24,1.0928255,1.2654659,0.0,0.74763775,0.0,1.3750455,0.0
58552.848,1.0780667,1.2461545,0.0,0.73597485,0.0,1.3576752,0.0
58611.457,1.063454,1.2270919,0.0,0.7244617,0.0,1.340453,0.0
58670.07,1.0489956,1.2082736,0.0,0.7130999,0.0,1.3233899,0.0
58728.68,1.0346801,1.189698,0.0,0.7018854,0.0,1.3064708,0.0
58787.29,1.0205152,1.1713594,0.0,0.6908179,0.0,1.2897024,0.0
58845.9,1.0064887,1.1532562,0.0,0.67988986,0.0,1.2730788,0.0
58904.51,0.99260664,1.1353803,0.0,0.66910195,0.0,1.256599,0.0
58963.12,0.9788598,1.1177331,0.0,0.65845394,0.0,1.2402595,0.0
59021.73,0.9652539,1.1003089,0.0,0.647941,0.0,1.2240598,0.0
59080.344,0.9517782,1.0831022,0.0,0.63755983,0.0,1.2079947,0.0
59138.953,0.93843883,1.0661123,0.0,0.6273092,0.0,1.1920693,0.0
59197.562,0.9252266,1.0493358,0.0,0.6171883,0.0,1.1762725,0.0
59256.17,0.9121462,1.032767,0.0,0.60719174,0.0,1.160609,0.0
59314.785,0.89918834,1.0164034,0.0,0.59732115,0.0,1.1450696,0.0
59373.395,0.8863585,1.0002427,0.0,0.5875727,0.0,1.1296653,0.0
59432.004,0.87364787,0.9842812,0.0,0.5779448,0.0,1.1143767,0.0
59490.617,0.8610605,0.96851367,0.0,0.56843203,0.0,1.0992185,0.0
59549.227,0.84859043,0.95294,0.0,0.5590386,0.0,1.084173,0.0
59607.836,0.83623856,0.9375552,0.0,0.5497584,0.0,1.0692571,0.0
59666.445,0.8239995,0.9223561,0.0,0.54058987,0.0,1.0544467,0.0
59725.06,0.8118756,0.9073394,0.0,0.5315283,0.0,1.0397624,0.0
59783.668,0.7998613,0.89250374,0.0,0.5225751,0.0,1.0251796,0.0
59842.277,0.7879594,0.8778437,0.0,0.5137312,0.0,1.0107216,0.0
59900.887,0.7761617,0.86335856,0.0,0.50498974,0.0,0.9963621,0.0
59959.5,0.7644727,0.84904283,0.0,0.49635863,0.0,0.98211914,0.0
60018.11,0.7528866,0.83489555,0.0,0.4878365,0.0,0.9679715,0.0
60076.72,0.7414044,0.8209133,0.0,0.47942054,0.0,0.95394135,0.0
60135.332,0.73002106,0.8070926,0.0,0.47110888,0.0,0.9400025,0.0
60193.94,0.71873873,0.7934321,0.0,0.46290055,0.0,0.9261739,0.0
60252.55,0.70755404,0.7799288,0.0,0.4547937,0.0,0.9124344,0.0
60311.16,0.69646466,0.7665792,0.0,0.44678557,0.0,0.89880437,0.0
60369.773,0.68547004,0.7533792,0.0,0.43887493,0.0,0.8852588,0.0
60428.383,0.67456734,0.74033034,0.0,0.43106052,0.0,0.8718166,0.0
60486.992,0.6637572,0.72742605,0.0,0.42334014,0.0,0.8584592,0.0
60545.6,0.6530363,0.7146658,0.0,0.4157125,0.0,0.8452,0.0
60604.215,0.6424028,0.7020456,0.0,0.4081746,0.0,0.83202356,0.0
60662.824,0.6318563,0.68956435,0.0,0.4007268,0.0,0.81893975,0.0
60721.434,0.6213951,0.6772185,0.0,0.39336613,0.0,0.8059387,0.0
60780.047,0.6110163,0.6650057,0.0,0.38609073,0.0,0.793024,0.0
60838.656,0.60072124,0.6529242,0.0,0.3789004,0.0,0.78019273,0.0
60897.266,0.59050584,0.640971,0.0,0.37179247,0.0,0.7674421,0.0
60955.875,0.5803702,0.6291435,0.0,0.36476547,0.0,0.754772,0.0
61014.49,0.5703108,0.6174391,0.0,0.3578177,0.0,0.7421802,0.0
61073.098,0.56032944,0.6058562,0.0,0.35094854,0.0,0.72966725,0.0
61131.707,0.5504211,0.5943927,0.0,0.3441556,0.0,0.71722656,0.0
61190.32,0.5405879,0.58304465,0.0,0.33743748,0.0,0.7048632,0.0
61248.93,0.5308254,0.57181215,0.0,0.33079302,0.0,0.69257057,0.0
61307.54,0.5211348,0.5606906,0.0,0.32422072,0.0,0.68035203,0.0
61366.15,0.51151246,0.5496797,0.0,0.31771868,0.0,0.6681994,0.0
61424.76,0.5019588,0.5387749,0.0,0.3112859,0.0,0.65611863,0.0
61483.37,0.49247104,0.5279763,0.0,0.30492052,0.0,0.64410275,0.0
61541.98,0.48304978,0.517281,0.0,0.29862195,0.0,0.6321553,0.0
61600.59,0.4736911,0.5066861,0.0,0.2923878,0.0,0.62026864,0.0
61659.203,0.46439612,0.4961901,0.0,0.28621727,0.0,0.6084481,0.0
61717.812,0.4551614,0.48579058,0.0,0.2801089,0.0,0.5966869,0.0
61776.42,0.4459885,0.4754862,0.0,0.27406147,0.0,0.58498836,0.0
61835.035,0.43687212,0.4652735,0.0,0.2680729,0.0,0.57334644,0.0
61893.645,0.4278156,0.4551523,0.0,0.26214305,0.0,0.561764,0.0
61952.254,0.41881344,0.44511876,0.0,0.25626987,0.0,0.5502384,0.0
62010.863,0.40986815,0.4351719,0.0,0.2504522,0.0,0.5387668,0.0
62069.477,0.4009747,0.42530885,0.0,0.24468823,0.0,0.52735007,0.0
62128.086,0.39213565,0.415529,0.0,0.2389778,0.0,0.5159852,0.0
62186.695,0.3833466,0.4058292,0.0,0.23331885,0.0,0.50467306,0.0
62245.31,0.37460864,0.39620763,0.0,0.22770996,0.0,0.49340934,0.0
62303.918,0.36591887,0.38666296,0.0,0.22215043,0.0,0.48219663,0.0
62362.527,0.35727802,0.37719324,0.0,0.21663913,0.0,0.47103068,0.0
62421.137,0.34868276,0.36779597,0.0,0.21117423,0.0,0.45991215,0.0
62479.75,0.34013307,0.3584692,0.0,0.2057546,0.0,0.44883737,0.0
62538.36,0.33162785,0.3492118,0.0,0.20037957,0.0,0.4378088,0.0
62596.97,0.3231663,0.34002185,0.0,0.19504769,0.0,0.4268224,0.0
62655.58,0.31474596,0.33089727,0.0,0.18975759,0.0,0.41587788,0.0
62714.19,0.30636662,0.3218352,0.0,0.18450783,0.0,0.4049742,0.0
62772.8,0.29802722,0.3128355,0.0,0.17929813,0.0,0.3941097,0.0
62831.41,0.2897265,0.3038962,0.0,0.17412682,0.0,0.38328466,0.0
62890.023,0.28146228,0.2950138,0.0,0.16899227,0.0,0.37249506,0.0
62948.633,0.27323565,0.28618878,0.0,0.16389439,0.0,0.36174324,0.0
63007.242,0.2650439,0.2774181,0.0,0.15883145,0.0,0.35102597,0.0
63065.85,0.2568864,0.2687005,0.0,0.15380241,0.0,0.34034315,0.0
63124.465,0.2487613,0.26003352,0.0,0.14880574,0.0,0.3296915,0.0
63183.074,0.24066886,0.25141653,0.0,0.14384133,0.0,0.3190744,0.0
63241.684,0.23260723,0.24284735,0.0,0.13890728,0.0,0.30848536,0.0
63300.297,0.2245752,0.23432337,0.0,0.13400254,0.0,0.29792756,0.0
63358.906,0.21657206,0.2258448,0.0,0.12912647,0.0,0.28739703,0.0
63417.516,0.20859683,0.21740876,0.0,0.12427796,0.0,0.27689573,0.0
63476.125,0.20064835,0.20901394,0.0,0.119455576,0.0,0.2664191,0.0
63534.74,0.1927247,0.20065787,0.0,0.1146583,0.0,0.25596908,0.0
63593.348,0.18482618,0.19234036,0.0,0.109885424,0.0,0.24554208,0.0
63651.957,0.17695126,0.18405901,0.0,0.10513588,0.0,0.23514012,0.0
63710.566,0.16909869,0.17581214,0.0,0.10040838,0.0,0.2247588,0.0
63769.18,0.16126727,0.16759787,0.0,0.095701784,0.0,0.2143997,0.0
63827.79,0.15345657,0.15941557,0.0,0.09101553,0.0,0.20406002,0.0
63886.4,0.14566539,0.15126309,0.0,0.08634842,0.0,0.19374095,0.0
63945.01,0.13789204,0.14313833,0.0,0.081699125,0.0,0.18343768,0.0
64003.62,0.13013686,0.13504091,0.0,0.077067286,0.0,0.173154,0.0
64062.23,0.12239765,0.12696858,0.0,0.07245146,0.0,0.16288504,0.0
64120.84,0.114674166,0.118919924,0.0,0.06785084,0.0,0.15263276,0.0
64179.453,0.106964365,0.11089274,0.0,0.06326402,0.0,0.14239243,0.0
64238.062,0.09926873,0.10288683,0.0,0.05869072,0.0,0.13216734,0.0
64296.67,0.091585234,0.0948999,0.0,0.054129563,0.0,0.12195375,0.0
64355.285,0.083912976,0.08692996,0.0,0.049579374,0.0,0.11175138,0.0
64413.895,0.07625137,0.07897668,0.0,0.045039788,0.0,0.10155925,0.0
64472.504,0.06859964,0.07103788,0.0,0.04050949,0.0,0.091377266,0.0
64531.113,0.060956087,0.06311227,0.0,0.03598759,0.0,0.08120313,0.0
64589.727,0.05331987,0.055197615,0.0,0.031472784,0.0,0.07103632,0.0
64648.336,0.045690563,0.047293678,0.0,0.026964782,0.0,0.060876112,0.0
64706.945,0.038067125,0.0393984,0.0,0.022462312,0.0,0.050722007,0.0
64765.555,0.0304482,0.031510297,0.0,0.017964462,0.0,0.04057225,0.0
64824.168,0.022832658,0.02362743,0.0,0.013469974,0.0,0.030425685,0.0
64882.777,0.01522036,0.015749404,0.0,0.0089785615,0.0,0.020282399,0.0
64941.387,0.0076099783,0.007874251,0.0,0.0044889706,0.0,0.010141099,0.0
65000.0,0.0,0.0,0.0,0.0,0.0,0.0,0.0
